release_script	language	package
analysis/05_functional_programs/scripts/score_independent_reanalysis.R	R	AnnotationDbi
analysis/05_functional_programs/scripts/score_independent_reanalysis.R	R	DOSE
analysis/05_functional_programs/scripts/score_independent_reanalysis.R	R	Matrix
analysis/05_functional_programs/scripts/score_independent_reanalysis.R	R	ReactomePA
analysis/05_functional_programs/scripts/score_independent_reanalysis.R	R	Seurat
analysis/05_functional_programs/scripts/score_independent_reanalysis.R	R	clusterProfiler
analysis/05_functional_programs/scripts/score_independent_reanalysis.R	R	dplyr
analysis/05_functional_programs/scripts/score_independent_reanalysis.R	R	tidyr
analysis/05_functional_programs/scripts/finalize_companion_tables.R	R	AnnotationDbi
analysis/05_functional_programs/scripts/finalize_companion_tables.R	R	DOSE
analysis/05_functional_programs/scripts/finalize_companion_tables.R	R	dplyr
analysis/05_functional_programs/scripts/finalize_companion_tables.R	R	hexbin
analysis/05_functional_programs/scripts/finalize_companion_tables.R	R	tidyr
analysis/05_functional_programs/scripts/build_program_landscape_sources.py	Python	__future__
analysis/05_functional_programs/scripts/build_program_landscape_sources.py	Python	hashlib
analysis/05_functional_programs/scripts/build_program_landscape_sources.py	Python	os
analysis/05_functional_programs/scripts/build_program_landscape_sources.py	Python	re
analysis/05_functional_programs/scripts/build_program_landscape_sources.py	Python	pathlib
analysis/05_functional_programs/scripts/build_program_landscape_sources.py	Python	matplotlib
analysis/05_functional_programs/scripts/build_program_landscape_sources.py	Python	matplotlib
analysis/05_functional_programs/scripts/build_program_landscape_sources.py	Python	numpy
analysis/05_functional_programs/scripts/build_program_landscape_sources.py	Python	pandas
analysis/05_functional_programs/scripts/build_program_landscape_sources.py	Python	matplotlib
analysis/05_functional_programs/scripts/build_program_landscape_sources.py	Python	matplotlib
analysis/05_functional_programs/scripts/lineage_and_external_context.py	Python	__future__
analysis/05_functional_programs/scripts/lineage_and_external_context.py	Python	hashlib
analysis/05_functional_programs/scripts/lineage_and_external_context.py	Python	math
analysis/05_functional_programs/scripts/lineage_and_external_context.py	Python	os
analysis/05_functional_programs/scripts/lineage_and_external_context.py	Python	pathlib
analysis/05_functional_programs/scripts/lineage_and_external_context.py	Python	anndata
analysis/05_functional_programs/scripts/lineage_and_external_context.py	Python	matplotlib
analysis/05_functional_programs/scripts/lineage_and_external_context.py	Python	matplotlib
analysis/05_functional_programs/scripts/lineage_and_external_context.py	Python	numpy
analysis/05_functional_programs/scripts/lineage_and_external_context.py	Python	pandas
analysis/05_functional_programs/scripts/lineage_and_external_context.py	Python	scipy
analysis/05_functional_programs/scripts/lineage_and_external_context.py	Python	statsmodels
analysis/05_functional_programs/scripts/lineage_and_external_context.py	Python	matplotlib
analysis/05_functional_programs/scripts/lineage_and_external_context.py	Python	scipy
analysis/05_functional_programs/scripts/hallmark_gsea_and_leading_edge.R	R	digest
analysis/supplementary/scripts/effect_size_and_shrinkage_sensitivity.R	R	DESeq2
analysis/supplementary/scripts/effect_size_and_shrinkage_sensitivity.R	R	Matrix
analysis/supplementary/scripts/effect_size_and_shrinkage_sensitivity.R	R	Seurat
analysis/supplementary/scripts/effect_size_and_shrinkage_sensitivity.R	R	apeglm
analysis/supplementary/scripts/effect_size_and_shrinkage_sensitivity.R	R	digest
analysis/supplementary/scripts/effect_size_and_shrinkage_sensitivity.R	R	edgeR
analysis/supplementary/scripts/effect_size_and_shrinkage_sensitivity.R	R	ggplot2
analysis/supplementary/scripts/effect_size_and_shrinkage_sensitivity.R	R	patchwork
analysis/06_independent_tnbc_validation/scripts/export_cell_cycle_genes.R	R	Seurat
analysis/06_independent_tnbc_validation/scripts/prepare_artemis_and_signatures.py	Python	__future__
analysis/06_independent_tnbc_validation/scripts/prepare_artemis_and_signatures.py	Python	gzip
analysis/06_independent_tnbc_validation/scripts/prepare_artemis_and_signatures.py	Python	hashlib
analysis/06_independent_tnbc_validation/scripts/prepare_artemis_and_signatures.py	Python	json
analysis/06_independent_tnbc_validation/scripts/prepare_artemis_and_signatures.py	Python	logging
analysis/06_independent_tnbc_validation/scripts/prepare_artemis_and_signatures.py	Python	math
analysis/06_independent_tnbc_validation/scripts/prepare_artemis_and_signatures.py	Python	os
analysis/06_independent_tnbc_validation/scripts/prepare_artemis_and_signatures.py	Python	sys
analysis/06_independent_tnbc_validation/scripts/prepare_artemis_and_signatures.py	Python	pathlib
analysis/06_independent_tnbc_validation/scripts/prepare_artemis_and_signatures.py	Python	anndata
analysis/06_independent_tnbc_validation/scripts/prepare_artemis_and_signatures.py	Python	h5py
analysis/06_independent_tnbc_validation/scripts/prepare_artemis_and_signatures.py	Python	matplotlib
analysis/06_independent_tnbc_validation/scripts/prepare_artemis_and_signatures.py	Python	matplotlib
analysis/06_independent_tnbc_validation/scripts/prepare_artemis_and_signatures.py	Python	numpy
analysis/06_independent_tnbc_validation/scripts/prepare_artemis_and_signatures.py	Python	pandas
analysis/06_independent_tnbc_validation/scripts/prepare_artemis_and_signatures.py	Python	scipy
analysis/06_independent_tnbc_validation/scripts/artemis_validation.py	Python	__future__
analysis/06_independent_tnbc_validation/scripts/artemis_validation.py	Python	logging
analysis/06_independent_tnbc_validation/scripts/artemis_validation.py	Python	math
analysis/06_independent_tnbc_validation/scripts/artemis_validation.py	Python	os
analysis/06_independent_tnbc_validation/scripts/artemis_validation.py	Python	re
analysis/06_independent_tnbc_validation/scripts/artemis_validation.py	Python	sys
analysis/06_independent_tnbc_validation/scripts/artemis_validation.py	Python	pathlib
analysis/06_independent_tnbc_validation/scripts/artemis_validation.py	Python	matplotlib
analysis/06_independent_tnbc_validation/scripts/artemis_validation.py	Python	matplotlib
analysis/06_independent_tnbc_validation/scripts/artemis_validation.py	Python	numpy
analysis/06_independent_tnbc_validation/scripts/artemis_validation.py	Python	pandas
analysis/06_independent_tnbc_validation/scripts/artemis_validation.py	Python	scipy
analysis/06_independent_tnbc_validation/scripts/gse180286_closure.R	R	Matrix
analysis/06_independent_tnbc_validation/scripts/gse180286_closure.R	R	Seurat
analysis/06_independent_tnbc_validation/scripts/gse180286_closure.R	R	dplyr
analysis/06_independent_tnbc_validation/scripts/gse180286_closure.R	R	ggplot2
analysis/06_independent_tnbc_validation/scripts/gse180286_closure.R	R	patchwork
analysis/06_independent_tnbc_validation/scripts/gse180286_closure.R	R	scales
analysis/06_independent_tnbc_validation/scripts/gse180286_closure.R	R	tidyr
analysis/06_independent_tnbc_validation/scripts/prepare_gse180286_transfer_sources.R	R	digest
analysis/07_spatial_validation/scripts/compute_spatial_scores_worker.R	R	MASS
analysis/07_spatial_validation/scripts/compute_spatial_scores_worker.R	R	Matrix
analysis/07_spatial_validation/scripts/compute_spatial_scores_worker.R	R	Rcpp
analysis/07_spatial_validation/scripts/compute_spatial_scores_worker.R	R	RcppArmadillo
analysis/07_spatial_validation/scripts/compute_spatial_scores_worker.R	R	future
analysis/07_spatial_validation/scripts/compute_spatial_scores_worker.R	R	future.apply
analysis/07_spatial_validation/scripts/compute_spatial_scores_worker.R	R	ggplot2
analysis/07_spatial_validation/scripts/compute_spatial_scores_worker.R	R	gridExtra
analysis/07_spatial_validation/scripts/compute_spatial_scores_worker.R	R	hdf5r
analysis/07_spatial_validation/scripts/compute_spatial_scores_worker.R	R	matrixStats
analysis/07_spatial_validation/scripts/compute_spatial_scores_worker.R	R	reshape2
analysis/07_spatial_validation/scripts/assemble_spatial_coupling_results.R	R	hdf5r
analysis/07_spatial_validation/scripts/score_spatial_modules.R	R	MASS
analysis/07_spatial_validation/scripts/score_spatial_modules.R	R	Matrix
analysis/07_spatial_validation/scripts/score_spatial_modules.R	R	Rcpp
analysis/07_spatial_validation/scripts/score_spatial_modules.R	R	RcppArmadillo
analysis/07_spatial_validation/scripts/score_spatial_modules.R	R	future
analysis/07_spatial_validation/scripts/score_spatial_modules.R	R	future.apply
analysis/07_spatial_validation/scripts/score_spatial_modules.R	R	ggplot2
analysis/07_spatial_validation/scripts/score_spatial_modules.R	R	gridExtra
analysis/07_spatial_validation/scripts/score_spatial_modules.R	R	hdf5r
analysis/07_spatial_validation/scripts/score_spatial_modules.R	R	matrixStats
analysis/07_spatial_validation/scripts/score_spatial_modules.R	R	reshape2
analysis/07_spatial_validation/scripts/bsw2_spatial_replication.R	R	Matrix
analysis/07_spatial_validation/scripts/bsw2_spatial_replication.R	R	digest
analysis/07_spatial_validation/scripts/bsw2_spatial_replication.R	R	hdf5r
analysis/01_data_preparation/scripts/pseudobulk_volcano_panel.R	R	data.table
analysis/01_data_preparation/scripts/pseudobulk_volcano_panel.R	R	ggplot2
analysis/01_data_preparation/scripts/pseudobulk_volcano_panel.R	R	ggrepel
analysis/03_yap_stem_continuum/scripts/state_definition_concordance_panel.R	R	ggplot2
analysis/03_yap_stem_continuum/scripts/state_definition_concordance_panel.R	R	grid
analysis/03_yap_stem_continuum/scripts/state_definition_concordance_panel.R	R	scales
analysis/05_functional_programs/scripts/functional_evidence_landscape.R	R	Cairo
analysis/05_functional_programs/scripts/functional_evidence_landscape.R	R	ComplexHeatmap
analysis/05_functional_programs/scripts/functional_evidence_landscape.R	R	circlize
analysis/05_functional_programs/scripts/functional_evidence_landscape.R	R	digest
analysis/05_functional_programs/scripts/functional_evidence_landscape.R	R	grid
analysis/04_program146/scripts/program_differential_expression_landscape.R	R	Cairo
analysis/04_program146/scripts/program_differential_expression_landscape.R	R	dplyr
analysis/04_program146/scripts/program_differential_expression_landscape.R	R	ggplot2
analysis/04_program146/scripts/program_differential_expression_landscape.R	R	ggrepel
analysis/04_program146/scripts/program_differential_expression_landscape.R	R	grid
analysis/04_program146/scripts/program_differential_expression_landscape.R	R	patchwork
analysis/04_program146/scripts/program_differential_expression_landscape.R	R	svglite
analysis/05_functional_programs/scripts/leading_edge_architecture.R	R	Cairo
analysis/05_functional_programs/scripts/leading_edge_architecture.R	R	ComplexHeatmap
analysis/05_functional_programs/scripts/leading_edge_architecture.R	R	circlize
analysis/05_functional_programs/scripts/leading_edge_architecture.R	R	dplyr
analysis/05_functional_programs/scripts/leading_edge_architecture.R	R	grid
analysis/05_functional_programs/scripts/leading_edge_architecture.R	R	svglite
analysis/04_program146/scripts/patient_gene_effect_consistency.R	R	ComplexHeatmap
analysis/04_program146/scripts/patient_gene_effect_consistency.R	R	circlize
analysis/04_program146/scripts/patient_gene_effect_consistency.R	R	digest
analysis/04_program146/scripts/patient_gene_effect_consistency.R	R	grid
analysis/06_independent_tnbc_validation/scripts/orthogonal_program_transfer.R	R	Cairo
analysis/06_independent_tnbc_validation/scripts/orthogonal_program_transfer.R	R	digest
analysis/06_independent_tnbc_validation/scripts/orthogonal_program_transfer.R	R	ggalluvial
analysis/06_independent_tnbc_validation/scripts/orthogonal_program_transfer.R	R	ggplot2
analysis/06_independent_tnbc_validation/scripts/orthogonal_program_transfer.R	R	ggrepel
analysis/06_independent_tnbc_validation/scripts/orthogonal_program_transfer.R	R	patchwork
analysis/06_independent_tnbc_validation/scripts/orthogonal_program_transfer.R	R	scales
analysis/06_independent_tnbc_validation/scripts/orthogonal_program_transfer.R	R	svglite
analysis/06_independent_tnbc_validation/scripts/figure5_data_closure.R	R	data.table
analysis/06_independent_tnbc_validation/scripts/figure5_data_closure.R	R	digest
analysis/06_independent_tnbc_validation/scripts/render_figure5.R	R	digest
analysis/06_independent_tnbc_validation/scripts/render_figure5.R	R	dplyr
analysis/06_independent_tnbc_validation/scripts/render_figure5.R	R	ggplot2
analysis/06_independent_tnbc_validation/scripts/render_figure5.R	R	ggrepel
analysis/06_independent_tnbc_validation/scripts/render_figure5.R	R	patchwork
analysis/06_independent_tnbc_validation/scripts/render_figure5.R	R	ragg
analysis/06_independent_tnbc_validation/scripts/render_figure5.R	R	readr
analysis/06_independent_tnbc_validation/scripts/render_figure5.R	R	scales
analysis/06_independent_tnbc_validation/scripts/render_figure5.R	R	svglite
analysis/06_independent_tnbc_validation/scripts/render_figure5.R	R	tidyr
analysis/07_spatial_validation/scripts/render_spatial_robustness_panels.py	Python	__future__
analysis/07_spatial_validation/scripts/render_spatial_robustness_panels.py	Python	hashlib
analysis/07_spatial_validation/scripts/render_spatial_robustness_panels.py	Python	pathlib
analysis/07_spatial_validation/scripts/render_spatial_robustness_panels.py	Python	matplotlib
analysis/07_spatial_validation/scripts/render_spatial_robustness_panels.py	Python	matplotlib
analysis/07_spatial_validation/scripts/render_spatial_robustness_panels.py	Python	matplotlib
analysis/07_spatial_validation/scripts/render_spatial_robustness_panels.py	Python	matplotlib
analysis/07_spatial_validation/scripts/render_spatial_robustness_panels.py	Python	matplotlib
analysis/07_spatial_validation/scripts/render_spatial_robustness_panels.py	Python	numpy
analysis/07_spatial_validation/scripts/render_spatial_robustness_panels.py	Python	pandas
analysis/07_spatial_validation/scripts/render_independent_spatial_replication.R	R	digest
analysis/07_spatial_validation/scripts/render_independent_spatial_replication.R	R	grid
analysis/07_spatial_validation/scripts/render_spatial_score_maps.R	R	grid
analysis/supplementary/scripts/render_s2a_patient_robustness.R	R	grid
analysis/supplementary/scripts/render_s2b_matched_null.R	R	grid
analysis/supplementary/scripts/render_s3a_adjustment_displacement.R	R	grid
analysis/supplementary/scripts/render_s3b_patient_distribution.R	R	grid
analysis/supplementary/scripts/render_s3c_state_sensitivity.R	R	grid
analysis/supplementary/scripts/render_s3d_leave_one_state_out.R	R	grid
analysis/01_data_preparation/scripts/prepare_cna_inputs.R	R	Matrix
analysis/01_data_preparation/scripts/prepare_cna_inputs.R	R	Seurat
analysis/02_malignant_cell_and_cnv/scripts/copykat/run_copykat_patient.R	R	Matrix
analysis/02_malignant_cell_and_cnv/scripts/copykat/run_copykat_patient.R	R	SeuratObject
analysis/02_malignant_cell_and_cnv/scripts/copykat/run_copykat_patient.R	R	copykat
analysis/02_malignant_cell_and_cnv/scripts/scevan/run_scevan_patient.R	R	SCEVAN
analysis/02_malignant_cell_and_cnv/scripts/infercnv/run_infercnv_patient.R	R	infercnv
analysis/02_malignant_cell_and_cnv/scripts/integrate_caller_results.py	Python	__future__
analysis/02_malignant_cell_and_cnv/scripts/integrate_caller_results.py	Python	gzip
analysis/02_malignant_cell_and_cnv/scripts/integrate_caller_results.py	Python	hashlib
analysis/02_malignant_cell_and_cnv/scripts/integrate_caller_results.py	Python	io
analysis/02_malignant_cell_and_cnv/scripts/integrate_caller_results.py	Python	itertools
analysis/02_malignant_cell_and_cnv/scripts/integrate_caller_results.py	Python	math
analysis/02_malignant_cell_and_cnv/scripts/integrate_caller_results.py	Python	tarfile
analysis/02_malignant_cell_and_cnv/scripts/integrate_caller_results.py	Python	pathlib
analysis/02_malignant_cell_and_cnv/scripts/integrate_caller_results.py	Python	numpy
analysis/02_malignant_cell_and_cnv/scripts/integrate_caller_results.py	Python	pandas
analysis/02_malignant_cell_and_cnv/scripts/integrate_caller_results.py	Python	scipy
analysis/02_malignant_cell_and_cnv/scripts/recover_program_scores.py	Python	__future__
analysis/02_malignant_cell_and_cnv/scripts/recover_program_scores.py	Python	gzip
analysis/02_malignant_cell_and_cnv/scripts/recover_program_scores.py	Python	hashlib
analysis/02_malignant_cell_and_cnv/scripts/recover_program_scores.py	Python	re
analysis/02_malignant_cell_and_cnv/scripts/recover_program_scores.py	Python	datetime
analysis/02_malignant_cell_and_cnv/scripts/recover_program_scores.py	Python	pathlib
analysis/02_malignant_cell_and_cnv/scripts/recover_program_scores.py	Python	numpy
analysis/02_malignant_cell_and_cnv/scripts/recover_program_scores.py	Python	pandas
analysis/02_malignant_cell_and_cnv/scripts/recover_program_scores.py	Python	scipy
analysis/02_malignant_cell_and_cnv/scripts/module_caller_sensitivity.py	Python	__future__
analysis/02_malignant_cell_and_cnv/scripts/module_caller_sensitivity.py	Python	pathlib
analysis/02_malignant_cell_and_cnv/scripts/module_caller_sensitivity.py	Python	hashlib
analysis/02_malignant_cell_and_cnv/scripts/module_caller_sensitivity.py	Python	numpy
analysis/02_malignant_cell_and_cnv/scripts/module_caller_sensitivity.py	Python	pandas
analysis/02_malignant_cell_and_cnv/scripts/recover_mcl1_expression.R	R	Matrix
analysis/04_program146/scripts/verify_patient_pseudobulk_effects.R	R	ComplexHeatmap
analysis/04_program146/scripts/verify_patient_pseudobulk_effects.R	R	DESeq2
analysis/04_program146/scripts/verify_patient_pseudobulk_effects.R	R	Matrix
analysis/04_program146/scripts/verify_patient_pseudobulk_effects.R	R	Seurat
analysis/04_program146/scripts/verify_patient_pseudobulk_effects.R	R	circlize
analysis/04_program146/scripts/verify_patient_pseudobulk_effects.R	R	digest
analysis/04_program146/scripts/verify_patient_pseudobulk_effects.R	R	edgeR
analysis/04_program146/scripts/verify_patient_pseudobulk_effects.R	R	grid
analysis/05_functional_programs/scripts/external_hallmark_analysis.R	R	digest
analysis/05_functional_programs/scripts/external_hallmark_analysis.R	R	fgsea
analysis/03_yap_stem_continuum/scripts/wu_robustness_models.R	R	Matrix
analysis/03_yap_stem_continuum/scripts/wu_robustness_models.R	R	Seurat
analysis/03_yap_stem_continuum/scripts/wu_robustness_models.R	R	SeuratObject
analysis/03_yap_stem_continuum/scripts/wu_robustness_models.R	R	dplyr
analysis/06_independent_tnbc_validation/scripts/artemis_robustness_models.py	Python	__future__
analysis/06_independent_tnbc_validation/scripts/artemis_robustness_models.py	Python	logging
analysis/06_independent_tnbc_validation/scripts/artemis_robustness_models.py	Python	os
analysis/06_independent_tnbc_validation/scripts/artemis_robustness_models.py	Python	sys
analysis/06_independent_tnbc_validation/scripts/artemis_robustness_models.py	Python	pathlib
analysis/06_independent_tnbc_validation/scripts/artemis_robustness_models.py	Python	numpy
analysis/06_independent_tnbc_validation/scripts/artemis_robustness_models.py	Python	pandas
analysis/06_independent_tnbc_validation/scripts/artemis_robustness_models.py	Python	scipy
analysis/supplementary/scripts/state_omission_and_spatial_summaries.py	Python	__future__
analysis/supplementary/scripts/state_omission_and_spatial_summaries.py	Python	ast
analysis/supplementary/scripts/state_omission_and_spatial_summaries.py	Python	hashlib
analysis/supplementary/scripts/state_omission_and_spatial_summaries.py	Python	json
analysis/supplementary/scripts/state_omission_and_spatial_summaries.py	Python	pathlib
analysis/supplementary/scripts/state_omission_and_spatial_summaries.py	Python	numpy
analysis/supplementary/scripts/state_omission_and_spatial_summaries.py	Python	pandas
analysis/supplementary/scripts/state_omission_and_spatial_summaries.py	Python	scipy
analysis/supplementary/scripts/state_omission_and_spatial_summaries.py	Python	h5py
analysis/04_program146/scripts/01_derive_program146.R	R	Seurat
analysis/04_program146/scripts/01_derive_program146.R	R	Matrix
analysis/04_program146/scripts/01_derive_program146.R	R	edgeR
analysis/04_program146/scripts/01_derive_program146.R	R	DESeq2
analysis/06_independent_tnbc_validation/scripts/artemis_functional_program_associations.R	R	data.table
analysis/06_independent_tnbc_validation/scripts/artemis_functional_program_associations.R	R	Matrix
analysis/06_independent_tnbc_validation/scripts/artemis_functional_program_associations.R	R	hdf5r
analysis/06_independent_tnbc_validation/scripts/artemis_functional_program_associations.R	R	digest
