Public_ID	Outcome_group	Neo_subtype	Operative_subtype	RCB_class	Program146_raw_score	Program146_1SD	Included_operative_TNBC_sensitivity
D_002	D	HR-HER2-	HR-HER2-	3	0.212162496724	0.757185378448	True
D_004	D	HR-HER2-	HR-HER2-	2	0.147100661297	0.524986609856	True
D_006	D	HR-HER2-	HR-HER2-	3	-0.224013521154	-0.799480423784	True
D_008	D	HR-HER2-	HR-HER2-	3	0.337853954608	1.20576481909	True
D_011	D	HR-HER2-	HR-HER2-	3	0.00685320355988	0.0244583543802	True
D_012	D	HR-HER2-	HR-HER2-	3	0.0126017631902	0.0449743521009	True
D_013	D	HR-HER2-	HR-HER2-	3	0.583425706378	2.08218427432	True
D_015	D	HR-HER2-	HR-HER2-	2	-0.0415989368545	-0.148462179846	True
D_016	D	HR-HER2-	HR-HER2-	3	0.266115933958	0.949739455729	True
D_018	D	HR-HER2-	HR-HER2-	3	-0.0799599743927	-0.285368641518	True
D_020	D	HR-HER2-	HR-HER2-	3	0.0479214473914	0.171026547288	True
D_021	D	HR-HER2-	HR-HER2-	3	0.107562646885	0.383879642942	True
D_022	D	HR-HER2-	HR-HER2-	3	-0.25849501285	-0.922541199099	True
D_024	D	HR-HER2-	HR-HER2-	3	0.342974339182	1.22403892687	True
D_028	D	HR-HER2-	HR-HER2-	3	0.0143916680823	0.0513623322293	True
D_030	D	HR-HER2-	HR+HER2-	3	-0.371550979107	-1.32602591444	False
D_031	D	HR-HER2-	HR-HER2-	3	0.0369164901989	0.131751025906	True
D_035	D	HR-HER2-	HR-HER2-	2	0.144753775908	0.516610825594	True
D_036	D	HR-HER2-	HR-HER2-	3	-0.195607436044	-0.698102128204	True
D_037	D	HR-HER2-	HR-HER2-	3	-0.146386543913	-0.522438000891	True
D_038	D	HR-HER2-	HR-HER2-	3	0.342958539805	1.22398254057	True
D_039	D	HR-HER2-	HR-HER2-	3	-0.170713096853	-0.609256880186	True
D_042	D	HR-HER2-	HR-HER2-	3	0.0847983220334	0.302636189486	True
D_045	D	HR-HER2-	HR-HER2-	2	0.0311390322887	0.111131893299	True
D_047	D	HR-HER2-	HR+HER2-	3	0.0195853759025	0.0698981228715	False
D_048	D	HR-HER2-	HR-HER2-	3	-0.00103560770278	-0.00369597371101	True
D_051	D	HR-HER2-	HR-HER2-	2	0.503610402101	1.79733194505	True
D_053	D	HR-HER2-	HR-HER2-	3	0.138913072906	0.495765977981	True
D_055	D	HR-HER2-	HR-HER2-	3	0.0662312621665	0.236372328206	True
D_056	D	HR-HER2-	HR-HER2-	3	0.204628913505	0.730298821451	True
D_057	D	HR-HER2-	HR-HER2-	3	0.0983268642712	0.350918117407	True
D_058	D	HR-HER2-	HR-HER2-	3	-0.0346548272995	-0.123679391641	True
D_060	D	HR-HER2-	HR-HER2-	3	0.401449992384	1.43273231181	True
D_062	D	HR-HER2-	HR-HER2-	2	0.446167476375	1.5923242546	True
D_102	ND	HR-HER2-	HR-HER2-	2	-0.171941447213	-0.613640731933	True
D_106	ND	HR-HER2-	HR-HER2-	2	-0.2036789026	-0.726908333605	True
D_109	ND	HR-HER2-	HR-HER2-	2	0.0774381057244	0.276368360547	True
D_110	ND	HR-HER2-	HR-HER2-	3	-0.24373764615	-0.869873727409	True
D_118	ND	HR-HER2-	HR-HER2-	3	-0.210260167289	-0.750396167085	True
D_121	ND	HR-HER2-	HR-HER2-	2	0.0349828781649	0.124850170277	True
D_122	ND	HR-HER2-	HR-HER2-	2	-0.235055951817	-0.838889683997	True
D_127	ND	HR-HER2-	HR-HER2-	2	-0.0221616699632	-0.0790926422777	True
D_140	ND	HR-HER2-	HR-HER2-	2	-0.188076586221	-0.671225326405	True
D_142	ND	HR-HER2-	HR-HER2-	2	0.0487812713575	0.174095167545	True
D_152	ND	HR-HER2-	HR-HER2-	3	-0.261669852766	-0.933871864982	True
D_153	ND	HR-HER2-	HR-HER2-	3	-1.09430710875	-3.90546564576	True
D_154	ND	HR-HER2-	HR+HER2-	2	-0.14246256319	-0.508433731168	False
D_160	ND	HR-HER2-	HR-HER2-	2	-0.462277764219	-1.64982015791	True
