Phase	Gene	Resource	Biological_source	DOI	Wu_present	ARTEMIS_present	Scoring	Missing_gene_rule	Control_subtraction	Discrete_phase_assignment
S	MCM5	Seurat cc.genes.updated.2019	Tirosh et al., Science 2016	10.1126/science.aad0501	True	True	Arithmetic mean of measurable log-normalized gene expression	Omit missing genes; do not set to zero	none	none
S	PCNA	Seurat cc.genes.updated.2019	Tirosh et al., Science 2016	10.1126/science.aad0501	True	True	Arithmetic mean of measurable log-normalized gene expression	Omit missing genes; do not set to zero	none	none
S	TYMS	Seurat cc.genes.updated.2019	Tirosh et al., Science 2016	10.1126/science.aad0501	True	True	Arithmetic mean of measurable log-normalized gene expression	Omit missing genes; do not set to zero	none	none
S	FEN1	Seurat cc.genes.updated.2019	Tirosh et al., Science 2016	10.1126/science.aad0501	True	True	Arithmetic mean of measurable log-normalized gene expression	Omit missing genes; do not set to zero	none	none
S	MCM7	Seurat cc.genes.updated.2019	Tirosh et al., Science 2016	10.1126/science.aad0501	True	True	Arithmetic mean of measurable log-normalized gene expression	Omit missing genes; do not set to zero	none	none
S	MCM4	Seurat cc.genes.updated.2019	Tirosh et al., Science 2016	10.1126/science.aad0501	True	True	Arithmetic mean of measurable log-normalized gene expression	Omit missing genes; do not set to zero	none	none
S	RRM1	Seurat cc.genes.updated.2019	Tirosh et al., Science 2016	10.1126/science.aad0501	True	True	Arithmetic mean of measurable log-normalized gene expression	Omit missing genes; do not set to zero	none	none
S	UNG	Seurat cc.genes.updated.2019	Tirosh et al., Science 2016	10.1126/science.aad0501	True	True	Arithmetic mean of measurable log-normalized gene expression	Omit missing genes; do not set to zero	none	none
S	GINS2	Seurat cc.genes.updated.2019	Tirosh et al., Science 2016	10.1126/science.aad0501	True	True	Arithmetic mean of measurable log-normalized gene expression	Omit missing genes; do not set to zero	none	none
S	MCM6	Seurat cc.genes.updated.2019	Tirosh et al., Science 2016	10.1126/science.aad0501	True	True	Arithmetic mean of measurable log-normalized gene expression	Omit missing genes; do not set to zero	none	none
S	CDCA7	Seurat cc.genes.updated.2019	Tirosh et al., Science 2016	10.1126/science.aad0501	True	True	Arithmetic mean of measurable log-normalized gene expression	Omit missing genes; do not set to zero	none	none
S	DTL	Seurat cc.genes.updated.2019	Tirosh et al., Science 2016	10.1126/science.aad0501	True	True	Arithmetic mean of measurable log-normalized gene expression	Omit missing genes; do not set to zero	none	none
S	PRIM1	Seurat cc.genes.updated.2019	Tirosh et al., Science 2016	10.1126/science.aad0501	True	True	Arithmetic mean of measurable log-normalized gene expression	Omit missing genes; do not set to zero	none	none
S	UHRF1	Seurat cc.genes.updated.2019	Tirosh et al., Science 2016	10.1126/science.aad0501	True	True	Arithmetic mean of measurable log-normalized gene expression	Omit missing genes; do not set to zero	none	none
S	CENPU	Seurat cc.genes.updated.2019	Tirosh et al., Science 2016	10.1126/science.aad0501	True	True	Arithmetic mean of measurable log-normalized gene expression	Omit missing genes; do not set to zero	none	none
S	HELLS	Seurat cc.genes.updated.2019	Tirosh et al., Science 2016	10.1126/science.aad0501	True	True	Arithmetic mean of measurable log-normalized gene expression	Omit missing genes; do not set to zero	none	none
S	RFC2	Seurat cc.genes.updated.2019	Tirosh et al., Science 2016	10.1126/science.aad0501	True	True	Arithmetic mean of measurable log-normalized gene expression	Omit missing genes; do not set to zero	none	none
S	POLR1B	Seurat cc.genes.updated.2019	Tirosh et al., Science 2016	10.1126/science.aad0501	True	True	Arithmetic mean of measurable log-normalized gene expression	Omit missing genes; do not set to zero	none	none
S	NASP	Seurat cc.genes.updated.2019	Tirosh et al., Science 2016	10.1126/science.aad0501	True	True	Arithmetic mean of measurable log-normalized gene expression	Omit missing genes; do not set to zero	none	none
S	RAD51AP1	Seurat cc.genes.updated.2019	Tirosh et al., Science 2016	10.1126/science.aad0501	True	True	Arithmetic mean of measurable log-normalized gene expression	Omit missing genes; do not set to zero	none	none
S	GMNN	Seurat cc.genes.updated.2019	Tirosh et al., Science 2016	10.1126/science.aad0501	True	True	Arithmetic mean of measurable log-normalized gene expression	Omit missing genes; do not set to zero	none	none
S	WDR76	Seurat cc.genes.updated.2019	Tirosh et al., Science 2016	10.1126/science.aad0501	True	True	Arithmetic mean of measurable log-normalized gene expression	Omit missing genes; do not set to zero	none	none
S	SLBP	Seurat cc.genes.updated.2019	Tirosh et al., Science 2016	10.1126/science.aad0501	True	True	Arithmetic mean of measurable log-normalized gene expression	Omit missing genes; do not set to zero	none	none
S	CCNE2	Seurat cc.genes.updated.2019	Tirosh et al., Science 2016	10.1126/science.aad0501	True	True	Arithmetic mean of measurable log-normalized gene expression	Omit missing genes; do not set to zero	none	none
S	UBR7	Seurat cc.genes.updated.2019	Tirosh et al., Science 2016	10.1126/science.aad0501	True	True	Arithmetic mean of measurable log-normalized gene expression	Omit missing genes; do not set to zero	none	none
S	POLD3	Seurat cc.genes.updated.2019	Tirosh et al., Science 2016	10.1126/science.aad0501	True	True	Arithmetic mean of measurable log-normalized gene expression	Omit missing genes; do not set to zero	none	none
S	MSH2	Seurat cc.genes.updated.2019	Tirosh et al., Science 2016	10.1126/science.aad0501	True	True	Arithmetic mean of measurable log-normalized gene expression	Omit missing genes; do not set to zero	none	none
S	ATAD2	Seurat cc.genes.updated.2019	Tirosh et al., Science 2016	10.1126/science.aad0501	True	True	Arithmetic mean of measurable log-normalized gene expression	Omit missing genes; do not set to zero	none	none
S	RAD51	Seurat cc.genes.updated.2019	Tirosh et al., Science 2016	10.1126/science.aad0501	True	True	Arithmetic mean of measurable log-normalized gene expression	Omit missing genes; do not set to zero	none	none
S	RRM2	Seurat cc.genes.updated.2019	Tirosh et al., Science 2016	10.1126/science.aad0501	True	True	Arithmetic mean of measurable log-normalized gene expression	Omit missing genes; do not set to zero	none	none
S	CDC45	Seurat cc.genes.updated.2019	Tirosh et al., Science 2016	10.1126/science.aad0501	True	True	Arithmetic mean of measurable log-normalized gene expression	Omit missing genes; do not set to zero	none	none
S	CDC6	Seurat cc.genes.updated.2019	Tirosh et al., Science 2016	10.1126/science.aad0501	True	True	Arithmetic mean of measurable log-normalized gene expression	Omit missing genes; do not set to zero	none	none
S	EXO1	Seurat cc.genes.updated.2019	Tirosh et al., Science 2016	10.1126/science.aad0501	True	True	Arithmetic mean of measurable log-normalized gene expression	Omit missing genes; do not set to zero	none	none
S	TIPIN	Seurat cc.genes.updated.2019	Tirosh et al., Science 2016	10.1126/science.aad0501	True	True	Arithmetic mean of measurable log-normalized gene expression	Omit missing genes; do not set to zero	none	none
S	DSCC1	Seurat cc.genes.updated.2019	Tirosh et al., Science 2016	10.1126/science.aad0501	True	True	Arithmetic mean of measurable log-normalized gene expression	Omit missing genes; do not set to zero	none	none
S	BLM	Seurat cc.genes.updated.2019	Tirosh et al., Science 2016	10.1126/science.aad0501	True	True	Arithmetic mean of measurable log-normalized gene expression	Omit missing genes; do not set to zero	none	none
S	CASP8AP2	Seurat cc.genes.updated.2019	Tirosh et al., Science 2016	10.1126/science.aad0501	True	True	Arithmetic mean of measurable log-normalized gene expression	Omit missing genes; do not set to zero	none	none
S	USP1	Seurat cc.genes.updated.2019	Tirosh et al., Science 2016	10.1126/science.aad0501	True	True	Arithmetic mean of measurable log-normalized gene expression	Omit missing genes; do not set to zero	none	none
S	CLSPN	Seurat cc.genes.updated.2019	Tirosh et al., Science 2016	10.1126/science.aad0501	True	True	Arithmetic mean of measurable log-normalized gene expression	Omit missing genes; do not set to zero	none	none
S	POLA1	Seurat cc.genes.updated.2019	Tirosh et al., Science 2016	10.1126/science.aad0501	True	True	Arithmetic mean of measurable log-normalized gene expression	Omit missing genes; do not set to zero	none	none
S	CHAF1B	Seurat cc.genes.updated.2019	Tirosh et al., Science 2016	10.1126/science.aad0501	True	True	Arithmetic mean of measurable log-normalized gene expression	Omit missing genes; do not set to zero	none	none
S	MRPL36	Seurat cc.genes.updated.2019	Tirosh et al., Science 2016	10.1126/science.aad0501	True	True	Arithmetic mean of measurable log-normalized gene expression	Omit missing genes; do not set to zero	none	none
S	E2F8	Seurat cc.genes.updated.2019	Tirosh et al., Science 2016	10.1126/science.aad0501	True	True	Arithmetic mean of measurable log-normalized gene expression	Omit missing genes; do not set to zero	none	none
G2M	HMGB2	Seurat cc.genes.updated.2019	Tirosh et al., Science 2016	10.1126/science.aad0501	True	True	Arithmetic mean of measurable log-normalized gene expression	Omit missing genes; do not set to zero	none	none
G2M	CDK1	Seurat cc.genes.updated.2019	Tirosh et al., Science 2016	10.1126/science.aad0501	True	True	Arithmetic mean of measurable log-normalized gene expression	Omit missing genes; do not set to zero	none	none
G2M	NUSAP1	Seurat cc.genes.updated.2019	Tirosh et al., Science 2016	10.1126/science.aad0501	True	True	Arithmetic mean of measurable log-normalized gene expression	Omit missing genes; do not set to zero	none	none
G2M	UBE2C	Seurat cc.genes.updated.2019	Tirosh et al., Science 2016	10.1126/science.aad0501	True	True	Arithmetic mean of measurable log-normalized gene expression	Omit missing genes; do not set to zero	none	none
G2M	BIRC5	Seurat cc.genes.updated.2019	Tirosh et al., Science 2016	10.1126/science.aad0501	True	True	Arithmetic mean of measurable log-normalized gene expression	Omit missing genes; do not set to zero	none	none
G2M	TPX2	Seurat cc.genes.updated.2019	Tirosh et al., Science 2016	10.1126/science.aad0501	True	True	Arithmetic mean of measurable log-normalized gene expression	Omit missing genes; do not set to zero	none	none
G2M	TOP2A	Seurat cc.genes.updated.2019	Tirosh et al., Science 2016	10.1126/science.aad0501	True	True	Arithmetic mean of measurable log-normalized gene expression	Omit missing genes; do not set to zero	none	none
G2M	NDC80	Seurat cc.genes.updated.2019	Tirosh et al., Science 2016	10.1126/science.aad0501	True	True	Arithmetic mean of measurable log-normalized gene expression	Omit missing genes; do not set to zero	none	none
G2M	CKS2	Seurat cc.genes.updated.2019	Tirosh et al., Science 2016	10.1126/science.aad0501	True	True	Arithmetic mean of measurable log-normalized gene expression	Omit missing genes; do not set to zero	none	none
G2M	NUF2	Seurat cc.genes.updated.2019	Tirosh et al., Science 2016	10.1126/science.aad0501	True	True	Arithmetic mean of measurable log-normalized gene expression	Omit missing genes; do not set to zero	none	none
G2M	CKS1B	Seurat cc.genes.updated.2019	Tirosh et al., Science 2016	10.1126/science.aad0501	True	True	Arithmetic mean of measurable log-normalized gene expression	Omit missing genes; do not set to zero	none	none
G2M	MKI67	Seurat cc.genes.updated.2019	Tirosh et al., Science 2016	10.1126/science.aad0501	True	True	Arithmetic mean of measurable log-normalized gene expression	Omit missing genes; do not set to zero	none	none
G2M	TMPO	Seurat cc.genes.updated.2019	Tirosh et al., Science 2016	10.1126/science.aad0501	True	True	Arithmetic mean of measurable log-normalized gene expression	Omit missing genes; do not set to zero	none	none
G2M	CENPF	Seurat cc.genes.updated.2019	Tirosh et al., Science 2016	10.1126/science.aad0501	True	True	Arithmetic mean of measurable log-normalized gene expression	Omit missing genes; do not set to zero	none	none
G2M	TACC3	Seurat cc.genes.updated.2019	Tirosh et al., Science 2016	10.1126/science.aad0501	True	True	Arithmetic mean of measurable log-normalized gene expression	Omit missing genes; do not set to zero	none	none
G2M	PIMREG	Seurat cc.genes.updated.2019	Tirosh et al., Science 2016	10.1126/science.aad0501	False	True	Arithmetic mean of measurable log-normalized gene expression	Omit missing genes; do not set to zero	none	none
G2M	SMC4	Seurat cc.genes.updated.2019	Tirosh et al., Science 2016	10.1126/science.aad0501	True	True	Arithmetic mean of measurable log-normalized gene expression	Omit missing genes; do not set to zero	none	none
G2M	CCNB2	Seurat cc.genes.updated.2019	Tirosh et al., Science 2016	10.1126/science.aad0501	True	True	Arithmetic mean of measurable log-normalized gene expression	Omit missing genes; do not set to zero	none	none
G2M	CKAP2L	Seurat cc.genes.updated.2019	Tirosh et al., Science 2016	10.1126/science.aad0501	True	True	Arithmetic mean of measurable log-normalized gene expression	Omit missing genes; do not set to zero	none	none
G2M	CKAP2	Seurat cc.genes.updated.2019	Tirosh et al., Science 2016	10.1126/science.aad0501	True	True	Arithmetic mean of measurable log-normalized gene expression	Omit missing genes; do not set to zero	none	none
G2M	AURKB	Seurat cc.genes.updated.2019	Tirosh et al., Science 2016	10.1126/science.aad0501	True	True	Arithmetic mean of measurable log-normalized gene expression	Omit missing genes; do not set to zero	none	none
G2M	BUB1	Seurat cc.genes.updated.2019	Tirosh et al., Science 2016	10.1126/science.aad0501	True	True	Arithmetic mean of measurable log-normalized gene expression	Omit missing genes; do not set to zero	none	none
G2M	KIF11	Seurat cc.genes.updated.2019	Tirosh et al., Science 2016	10.1126/science.aad0501	True	True	Arithmetic mean of measurable log-normalized gene expression	Omit missing genes; do not set to zero	none	none
G2M	ANP32E	Seurat cc.genes.updated.2019	Tirosh et al., Science 2016	10.1126/science.aad0501	True	True	Arithmetic mean of measurable log-normalized gene expression	Omit missing genes; do not set to zero	none	none
G2M	TUBB4B	Seurat cc.genes.updated.2019	Tirosh et al., Science 2016	10.1126/science.aad0501	True	True	Arithmetic mean of measurable log-normalized gene expression	Omit missing genes; do not set to zero	none	none
G2M	GTSE1	Seurat cc.genes.updated.2019	Tirosh et al., Science 2016	10.1126/science.aad0501	True	True	Arithmetic mean of measurable log-normalized gene expression	Omit missing genes; do not set to zero	none	none
G2M	KIF20B	Seurat cc.genes.updated.2019	Tirosh et al., Science 2016	10.1126/science.aad0501	True	True	Arithmetic mean of measurable log-normalized gene expression	Omit missing genes; do not set to zero	none	none
G2M	HJURP	Seurat cc.genes.updated.2019	Tirosh et al., Science 2016	10.1126/science.aad0501	True	True	Arithmetic mean of measurable log-normalized gene expression	Omit missing genes; do not set to zero	none	none
G2M	CDCA3	Seurat cc.genes.updated.2019	Tirosh et al., Science 2016	10.1126/science.aad0501	True	True	Arithmetic mean of measurable log-normalized gene expression	Omit missing genes; do not set to zero	none	none
G2M	JPT1	Seurat cc.genes.updated.2019	Tirosh et al., Science 2016	10.1126/science.aad0501	False	True	Arithmetic mean of measurable log-normalized gene expression	Omit missing genes; do not set to zero	none	none
G2M	CDC20	Seurat cc.genes.updated.2019	Tirosh et al., Science 2016	10.1126/science.aad0501	True	True	Arithmetic mean of measurable log-normalized gene expression	Omit missing genes; do not set to zero	none	none
G2M	TTK	Seurat cc.genes.updated.2019	Tirosh et al., Science 2016	10.1126/science.aad0501	True	True	Arithmetic mean of measurable log-normalized gene expression	Omit missing genes; do not set to zero	none	none
G2M	CDC25C	Seurat cc.genes.updated.2019	Tirosh et al., Science 2016	10.1126/science.aad0501	True	True	Arithmetic mean of measurable log-normalized gene expression	Omit missing genes; do not set to zero	none	none
G2M	KIF2C	Seurat cc.genes.updated.2019	Tirosh et al., Science 2016	10.1126/science.aad0501	True	True	Arithmetic mean of measurable log-normalized gene expression	Omit missing genes; do not set to zero	none	none
G2M	RANGAP1	Seurat cc.genes.updated.2019	Tirosh et al., Science 2016	10.1126/science.aad0501	True	True	Arithmetic mean of measurable log-normalized gene expression	Omit missing genes; do not set to zero	none	none
G2M	NCAPD2	Seurat cc.genes.updated.2019	Tirosh et al., Science 2016	10.1126/science.aad0501	True	True	Arithmetic mean of measurable log-normalized gene expression	Omit missing genes; do not set to zero	none	none
G2M	DLGAP5	Seurat cc.genes.updated.2019	Tirosh et al., Science 2016	10.1126/science.aad0501	True	True	Arithmetic mean of measurable log-normalized gene expression	Omit missing genes; do not set to zero	none	none
G2M	CDCA2	Seurat cc.genes.updated.2019	Tirosh et al., Science 2016	10.1126/science.aad0501	True	True	Arithmetic mean of measurable log-normalized gene expression	Omit missing genes; do not set to zero	none	none
G2M	CDCA8	Seurat cc.genes.updated.2019	Tirosh et al., Science 2016	10.1126/science.aad0501	True	True	Arithmetic mean of measurable log-normalized gene expression	Omit missing genes; do not set to zero	none	none
G2M	ECT2	Seurat cc.genes.updated.2019	Tirosh et al., Science 2016	10.1126/science.aad0501	True	True	Arithmetic mean of measurable log-normalized gene expression	Omit missing genes; do not set to zero	none	none
G2M	KIF23	Seurat cc.genes.updated.2019	Tirosh et al., Science 2016	10.1126/science.aad0501	True	True	Arithmetic mean of measurable log-normalized gene expression	Omit missing genes; do not set to zero	none	none
G2M	HMMR	Seurat cc.genes.updated.2019	Tirosh et al., Science 2016	10.1126/science.aad0501	True	True	Arithmetic mean of measurable log-normalized gene expression	Omit missing genes; do not set to zero	none	none
G2M	AURKA	Seurat cc.genes.updated.2019	Tirosh et al., Science 2016	10.1126/science.aad0501	True	True	Arithmetic mean of measurable log-normalized gene expression	Omit missing genes; do not set to zero	none	none
G2M	PSRC1	Seurat cc.genes.updated.2019	Tirosh et al., Science 2016	10.1126/science.aad0501	True	True	Arithmetic mean of measurable log-normalized gene expression	Omit missing genes; do not set to zero	none	none
G2M	ANLN	Seurat cc.genes.updated.2019	Tirosh et al., Science 2016	10.1126/science.aad0501	True	True	Arithmetic mean of measurable log-normalized gene expression	Omit missing genes; do not set to zero	none	none
G2M	LBR	Seurat cc.genes.updated.2019	Tirosh et al., Science 2016	10.1126/science.aad0501	True	True	Arithmetic mean of measurable log-normalized gene expression	Omit missing genes; do not set to zero	none	none
G2M	CKAP5	Seurat cc.genes.updated.2019	Tirosh et al., Science 2016	10.1126/science.aad0501	True	True	Arithmetic mean of measurable log-normalized gene expression	Omit missing genes; do not set to zero	none	none
G2M	CENPE	Seurat cc.genes.updated.2019	Tirosh et al., Science 2016	10.1126/science.aad0501	True	True	Arithmetic mean of measurable log-normalized gene expression	Omit missing genes; do not set to zero	none	none
G2M	CTCF	Seurat cc.genes.updated.2019	Tirosh et al., Science 2016	10.1126/science.aad0501	True	True	Arithmetic mean of measurable log-normalized gene expression	Omit missing genes; do not set to zero	none	none
G2M	NEK2	Seurat cc.genes.updated.2019	Tirosh et al., Science 2016	10.1126/science.aad0501	True	True	Arithmetic mean of measurable log-normalized gene expression	Omit missing genes; do not set to zero	none	none
G2M	G2E3	Seurat cc.genes.updated.2019	Tirosh et al., Science 2016	10.1126/science.aad0501	True	True	Arithmetic mean of measurable log-normalized gene expression	Omit missing genes; do not set to zero	none	none
G2M	GAS2L3	Seurat cc.genes.updated.2019	Tirosh et al., Science 2016	10.1126/science.aad0501	True	True	Arithmetic mean of measurable log-normalized gene expression	Omit missing genes; do not set to zero	none	none
G2M	CBX5	Seurat cc.genes.updated.2019	Tirosh et al., Science 2016	10.1126/science.aad0501	True	True	Arithmetic mean of measurable log-normalized gene expression	Omit missing genes; do not set to zero	none	none
G2M	CENPA	Seurat cc.genes.updated.2019	Tirosh et al., Science 2016	10.1126/science.aad0501	True	True	Arithmetic mean of measurable log-normalized gene expression	Omit missing genes; do not set to zero	none	none
