gene_order	gene
1	TRIB1
2	RND3
3	CTD-3252C9.4
4	CXCL2
5	ERRFI1
6	PTPN14
7	KLF6
8	CXCL3
9	EDN1
10	CEBPD
11	JUN
12	DKK1
13	ZC3H12A
14	OSR2
15	JAG1
16	IRF1
17	RARRES1
18	FOSB
19	BRD2
20	ARL5B
21	AC058791.1
22	TNFAIP3
23	SOCS3
24	LAMC2
25	LDLR
26	ATF3
27	GEM
28	GOLIM4
29	EGR1
30	CCNL1
31	MAFF
32	BIRC3
33	FOS
34	IER5
35	TNF
36	ICAM1
37	NCOA7
38	TACSTD2
39	NR4A1
40	IER2
41	NRP1
42	CCDC71L
43	PMAIP1
44	JUNB
45	THBS1
46	NFKBIZ
47	ZFP36L1
48	TIPARP
49	EPHA4
50	SNHG12
51	LINC00346
52	PLK2
53	RP11-431K24.1
54	ARSJ
55	PLAUR
56	NEDD9
57	CP
58	ZFP36
59	C2CD2
60	MAML2
61	PDE8B
62	MACF1
63	EMP1
64	LAMB3
65	RP11-138A9.1
66	MID1
67	PPP1R15A
68	ITGB6
69	THUMPD3-AS1
70	PDE4B
71	ELL2
72	REL
73	SLC38A2
74	CNST
75	CD58
76	EGR3
77	AC017002.2
78	ETS2
79	MET
80	ZBTB10
81	NR4A3
82	MIDN
83	DUSP1
84	NR4A2
85	FAM53C
86	LRRN1
87	MCL1
88	TNFRSF10B
89	NEAT1
90	COL27A1
91	GPRC5A
92	DUSP5
93	NCEH1
94	VCL
95	SLC7A1
96	GADD45A
97	PRSS23
98	SLC25A25
99	KITLG
100	EREG
101	IL6
102	EFNB2
103	PSME4
104	STOM
105	ANKRD37
106	SERTAD2
107	NFE2L3
108	SLC16A1-AS1
109	TAP2
110	VEGFA
111	SERTAD1
112	ID1
113	JUND
114	RGCC
115	ENC1
116	PLK3
117	AARD
118	WEE1
119	MYLIP
120	EGR2
121	HNRNPU-AS1
122	WNT7B
123	LRP1
124	PRRG4
125	PXDN
126	FEM1C
127	ID3
128	TSC22D2
129	TRPV4
130	EPHA2
131	FJX1
132	FLNB
133	HEXIM1
134	DDR2
135	PPFIA1
136	NAV2
137	PDGFA
138	PGM2L1
139	C3
140	GPR37
141	ST3GAL1
142	CRIM1
143	PPP1R15B
144	FN1
145	C6orf141
146	ZNF281
