Gene	Gene_set	Source_category	Exact_membership_source	Intended_use	Gene_replacement	Independent_validation	Representative_rationale_DOI	Reference_scope
CYR61	9-gene YAP/TEAD-associated auxiliary gene set	Literature-informed auxiliary gene set	Defined for this study	Scoring-definition sensitivity analysis	none	no	10.1101/gad.1664408; 10.1038/ncb1993	Set-level biological rationale; papers did not define this exact complete set
CTGF	9-gene YAP/TEAD-associated auxiliary gene set	Literature-informed auxiliary gene set	Defined for this study	Scoring-definition sensitivity analysis	none	no	10.1101/gad.1664408; 10.1038/ncb1993	Set-level biological rationale; papers did not define this exact complete set
AREG	9-gene YAP/TEAD-associated auxiliary gene set	Literature-informed auxiliary gene set	Defined for this study	Scoring-definition sensitivity analysis	none	no	10.1101/gad.1664408; 10.1038/ncb1993	Set-level biological rationale; papers did not define this exact complete set
ANKRD1	9-gene YAP/TEAD-associated auxiliary gene set	Literature-informed auxiliary gene set	Defined for this study	Scoring-definition sensitivity analysis	none	no	10.1101/gad.1664408; 10.1038/ncb1993	Set-level biological rationale; papers did not define this exact complete set
AMOTL2	9-gene YAP/TEAD-associated auxiliary gene set	Literature-informed auxiliary gene set	Defined for this study	Scoring-definition sensitivity analysis	none	no	10.1101/gad.1664408; 10.1038/ncb1993	Set-level biological rationale; papers did not define this exact complete set
WWTR1	9-gene YAP/TEAD-associated auxiliary gene set	Literature-informed auxiliary gene set	Defined for this study	Scoring-definition sensitivity analysis	none	no	10.1101/gad.1664408; 10.1038/ncb1993	Set-level biological rationale; papers did not define this exact complete set
TEAD1	9-gene YAP/TEAD-associated auxiliary gene set	Literature-informed auxiliary gene set	Defined for this study	Scoring-definition sensitivity analysis	none	no	10.1101/gad.1664408; 10.1038/ncb1993	Set-level biological rationale; papers did not define this exact complete set
SERPINE1	9-gene YAP/TEAD-associated auxiliary gene set	Literature-informed auxiliary gene set	Defined for this study	Scoring-definition sensitivity analysis	none	no	10.1101/gad.1664408; 10.1038/ncb1993	Set-level biological rationale; papers did not define this exact complete set
AJUBA	9-gene YAP/TEAD-associated auxiliary gene set	Literature-informed auxiliary gene set	Defined for this study	Scoring-definition sensitivity analysis	none	no	10.1101/gad.1664408; 10.1038/ncb1993	Set-level biological rationale; papers did not define this exact complete set
