input_id	dataset	role	profiles	location_type	relative_path	environment_variable	required	hash_policy	access_note
WU_MALIGNANT_RDS	GSE176078/Wu discovery cohort	Malignant epithelial Seurat object containing raw counts	discovery;cnv	PROJECT_RELATIVE	output_step0/Wu2021_TNBC_malignant.rds		YES	SHA256	Derived project object; construction provenance is recorded in the source archive.
WU_CELL_METADATA	GSE176078/Wu discovery cohort	Cell-level patient, state, and score metadata	discovery;figures	PROJECT_RELATIVE	0703_rebuild/continuous_state_main_figures/Wu2021_continuous_state_cell_metadata.csv		YES	SHA256	documented 10,836-cell analysis metadata.
WU_SCORE_GENE_LISTS	GSE176078/Wu discovery cohort	YAP and stemness score definitions	discovery	PROJECT_RELATIVE	0703_rebuild/continuous_state_main_figures/core_score_gene_lists.csv		YES	SHA256	Original score-definition table used by the score-gene-excluded rebuild.
WU_LEGACY_DE_INPUT	GSE176078/Wu discovery cohort	Pre-existing High-versus-Low gene-level table used for exclusion-aware rebuilding	discovery	PROJECT_RELATIVE	0703_rebuild/continuous_state_main_figures/Figure4_DEG_pathway/tables/High_vs_Low_DE_all.csv		YES	SHA256	Not the final strict analysis; retained because D01 uses it as an explicit input.
WU_FULL_ATLAS_METADATA	GSE176078/Wu discovery cohort	Full-atlas UMAP and cell-type metadata	figures	PROJECT_RELATIVE	0703_rebuild/workstation_results/Wu2021_full_atlas_umap_metadata.csv		YES	SHA256	Required for the atlas figure source.
YAP17_SIGNATURE	Project definition	Final YAP score gene list	discovery;validation;spatial;figures;supplementary	PROJECT_RELATIVE	0719_frozen_score_definition_audit/signature_gene_lists/YAP_clean__clean_score.tsv		YES	SHA256	Seventeen-gene definition; do not alter.
STEM21_SIGNATURE	Project definition	Final stemness score gene list	discovery;validation;spatial;figures;supplementary	PROJECT_RELATIVE	0719_frozen_score_definition_audit/signature_gene_lists/Stemness_clean__clean_score.tsv		YES	SHA256	Twenty-one-gene definition; do not alter.
PROGRAM146_GENES	Project definition	Primary score-gene-excluded 146-gene transcriptional program	discovery;validation;spatial;figures;supplementary	PROJECT_RELATIVE	0728_sensitivity_and_cnv_closure/02_direction_gate_sensitivity/gate_6of8_primary_genes.txt		YES	SHA256	Primary membership is fixed by BH FDR, effect, and patient-direction criteria.
PROGRAM_DIRECTION_TABLE	Project definition	Patient-direction and cross-dataset direction assessment	discovery;validation;figures	PROJECT_RELATIVE	0728_sensitivity_and_cnv_closure/02_direction_gate_sensitivity/gate_gene_Wu_Yan_direction.tsv		YES	SHA256	Used for direction-conservation summaries.
HALLMARK_GMT	MSigDB Hallmark	study-defined external Hallmark gene sets	discovery	PROJECT_RELATIVE	h.all.v2024.Hs.symbols.gmt		YES	SHA256	Redistribution must follow the MSigDB license; record the exact version and hash.
HGNC_ALIAS_TABLE	HGNC	Gene symbol and alias reference	validation;spatial	PROJECT_RELATIVE	0716_yan2026_validation/inputs/hgnc_complete_set_2026-07-16.txt		YES	SHA256	Downloaded from HGNC and retained with date in filename.
ARTEMIS_H5AD	ARTEMIS breast cancer cohort	Author-annotated single-cell object for external validation	validation	ENVIRONMENT_VARIABLE		YAN_H5AD	YES	SHA256_LARGE	Read in backed mode; obtain from the project data deposit or original public source.
GSE180286_RDS	GSE180286	Validated malignant-cell object for orthogonal transfer	validation	PROJECT_RELATIVE	output_step0/GSE180286_validated.rds		YES	SHA256	Contains 5,469 CopyKAT-aneuploid cells used by the recorded analysis.
GSE210616_SECTION_REGISTRY	GSE210616	documented patient/section registry for spatial analyses	spatial	PROJECT_RELATIVE	Figure6_S0Q2_GSE210616_primary_spatial_candidate_integrity_audit/Figure6_S0Q2_GSE210616_section_registry.tsv		YES	SHA256	Defines 22 patients and 43 sections.
GSE210616_PATIENT_REGISTRY	GSE210616	Patient-level spatial registry	spatial	PROJECT_RELATIVE	Figure6_S0Q2_GSE210616_primary_spatial_candidate_integrity_audit/Figure6_S0Q2_GSE210616_patient_registry.tsv		YES	SHA256	Patient identities and paired-section structure.
GSE210616_GEO_FILES	GSE210616	Raw or filtered spatial count matrices and coordinates	spatial	ENVIRONMENT_VARIABLE		SPATIAL_WORK_ROOT	YES	DIRECTORY_MANIFEST	Expected scratch layout is defined in docs/spatial_reproduction.md.
GSE210616_COMPOSITION_SCORES	GSE210616	ESTIMATE-derived spot composition scores	spatial;figures;supplementary	PROJECT_RELATIVE	Figure6_S0Q3_GSE210616_ESTIMATE_tumour_composition_reconstruction/Figure6_S0Q3_ESTIMATE_spot_scores.tsv		YES	SHA256	Prepared spot-level covariates used by adjusted spatial analyses.
GSE210616_PATIENT_ASSOCIATIONS	GSE210616	Patient-level spatial association results	figures;supplementary	PROJECT_RELATIVE	Figure6_S1_GSE210616_patient_recurrent_spatial_coupling/Figure6_S1_patient_associations.tsv		YES	SHA256	documented 22-patient result table.
GSE210616_PAIRED_SECTION	GSE210616	Paired-section spatial association results	figures;supplementary	PROJECT_RELATIVE	Figure6_S1_GSE210616_patient_recurrent_spatial_coupling/Figure6_S1_paired_section_consistency.tsv		YES	SHA256	documented 21-patient paired-section result table.
GSE210616_LEEL_RESULTS	GSE210616	Neighborhood co-organization results	figures;supplementary	PROJECT_RELATIVE	Figure6E_neighborhood_spatial_coorganization/Figure6E_section_LeeL.tsv		YES	SHA256	Generated by the study-defined first-order Visium graph script.
GSE210616_MODULE_ASSOCIATIONS	GSE210616	Patient-by-functional-module adjusted spatial correlations	figures;supplementary	PROJECT_RELATIVE	Figure6_FG_biological_enrichment_phase/Figure6F_patient_module_associations.tsv		YES	SHA256	Expected structure is 22 patients by 5 modules equals 110 records.
BSW2_PREPARED_DATA	BSW2 independent Visium cohort	Prepared 10x HDF5 and coordinate files for nine-patient replication	spatial	ENVIRONMENT_VARIABLE		BSW2_WORK_ROOT	YES	DIRECTORY_MANIFEST	Expected layout is defined in docs/spatial_reproduction.md.
BSW2_PATIENT_ASSOCIATIONS	BSW2 independent Visium cohort	Patient-level raw and adjusted spatial associations	figures;supplementary	PROJECT_RELATIVE	Figure6G1_BSW2_spatial_replication/Figure6G1_patient_associations.tsv		YES	SHA256	Final analytical sample contains nine patients.
PROJECT_PALETTE	Project-wide figure semantics	Approved color tokens	figures;supplementary	PROJECT_RELATIVE	project_semantic_palette.tsv		YES	SHA256	Used to maintain consistent semantic colors.
SUPPLEMENTARY_STAGING	Supplementary submission sources	Final or current panel-level source tables and PDFs	supplementary	PROJECT_RELATIVE	Supplementary_Submission_Staging/01_FINAL_PANEL_SOURCES		YES	DIRECTORY_MANIFEST	Later standalone S3D and S4A candidates are documented separately.
PROGRAM146_HISTORICAL_RECONCILIATION	GSE176078/Wu discovery cohort	Historical High-Low result retained for the original gene-union/reconciliation code; not primary selection	Program146	CLI_ARGUMENT	0713_score_independent_rebuild/tables/Fig4_DEG_score_independent.tsv		YES for original-logic portable script	SHA256 for packaging; run manifest records MD5	Expose as --historical-score-gene-excluded. Do not substitute the current High-Other result.
SEO_RUN_MANIFEST	Seo/PRJNA1256162	Public 48-run residual-TNBC clinical manifest	clinical	REPOSITORY_RELATIVE	analysis/08_clinical_residual_tnbc/metadata/Seo_TNBC48_run_manifest.tsv		YES	NOT_REQUIRED	Public deidentified manifest or gene-resource definition; raw reads obtained through SRA
SEO_PROGRAM_MAPPING	Seo/PRJNA1256162	Program146 exact GENCODE v36 mapping, 141/146 measurable	clinical	REPOSITORY_RELATIVE	analysis/08_clinical_residual_tnbc/metadata/Program146_clinical_mapping.tsv		YES	NOT_REQUIRED	Public deidentified manifest or gene-resource definition; raw reads obtained through SRA
ARTEMIS_PROGRAM_H5AD	ARTEMIS	Expression object used by the recovered functional-association script	validation	PROJECT_RELATIVE	scouter/af8c4fce-4c63-4671-b339-91a383cf36f6.h5ad	AHIPPO_ANALYSIS_ROOT	YES	SHA256_LARGE	Path relative to the configured analysis workspace; object not distributed.
ARTEMIS_PROGRAM_CACHE	ARTEMIS	Existing per-cell score and technical-covariate cache	validation	PROJECT_RELATIVE	0716_yan2026_validation/inputs/yan_cancer_cell_scores.tsv.gz	AHIPPO_ANALYSIS_ROOT	YES	SHA256	Existing cache, not recreated for table preparation.
ARTEMIS_BROAD_PROGRAM_DEFINITIONS	Wu/ARTEMIS	Six broad program memberships and inclusion metadata	validation	PROJECT_RELATIVE	Figure4D_continuous_functional_trajectories/Figure4D_module_definition_audit.tsv	AHIPPO_ANALYSIS_ROOT	YES	SHA256	Source-defined memberships, distinct from compact spatial modules.
WU_BROAD_PROGRAM_ASSOCIATIONS	Wu	Existing patient-level broad-program associations	validation	PROJECT_RELATIVE	Figure4D_continuous_functional_trajectories/Figure4D_patient_program_rho.tsv	AHIPPO_ANALYSIS_ROOT	YES	SHA256	Existing discovery effects used for transfer comparison.
ARTEMIS_PROGRAM_GENE_SOURCE	Wu/ARTEMIS	Existing Program146 membership and discovery gene effects	validation	PROJECT_RELATIVE	Figure3_bottom_panels_HI_feasibility_and_plotting/Figure3_I_effect_consistency_source.tsv	AHIPPO_ANALYSIS_ROOT	YES	SHA256	Frozen gene membership; no gene reselection.
ARTEMIS_PROGRAM_STATE_SENSITIVITY	ARTEMIS	Existing Program146 state-definition sensitivity	validation	PROJECT_RELATIVE	0728_sensitivity_and_cnv_closure/06_Yan_sensitivity/Yan_primary146_state_definition_sensitivity.tsv	AHIPPO_ANALYSIS_ROOT	YES	SHA256	Existing state effects required by the recovered script.
GSE180286_PROGRAM_GENE_TRANSFER	GSE180286	Existing representative-gene transfer results	validation	PROJECT_RELATIVE	Figure4F_GSE180286_program_transfer/Figure4F_program_gene_transfer.tsv	AHIPPO_ANALYSIS_ROOT	YES	SHA256	Supporting gene-transfer input required by the recovered script.
