ID	Group	RCB_class	Neo_subtype	Op_subtype	Run	Experiment	BioSample	LibraryName	LibraryLayout
D_002	D	3	HR-HER2-	HR-HER2-	SRR33330364	SRX28574830	SAMN48173616	TT_D_002_RNA	PAIRED
D_004	D	2	HR-HER2-	HR-HER2-	SRR33330361	SRX28574833	SAMN48173618	TT_D_004_RNA	PAIRED
D_006	D	3	HR-HER2-	HR-HER2-	SRR33330359	SRX28574835	SAMN48173620	TT_D_006_RNA	PAIRED
D_008	D	3	HR-HER2-	HR-HER2-	SRR33330357	SRX28574837	SAMN48173622	TT_D_008_RNA	PAIRED
D_011	D	3	HR-HER2-	HR-HER2-	SRR33330355	SRX28574839	SAMN48173624	TT_D_011_RNA	PAIRED
D_012	D	3	HR-HER2-	HR-HER2-	SRR33330354	SRX28574840	SAMN48173625	TT_D_012_RNA	PAIRED
D_013	D	3	HR-HER2-	HR-HER2-	SRR33330353	SRX28574841	SAMN48173626	TT_D_013_RNA	PAIRED
D_015	D	2	HR-HER2-	HR-HER2-	SRR33330350	SRX28574844	SAMN48173628	TT_D_015_RNA	PAIRED
D_016	D	3	HR-HER2-	HR-HER2-	SRR33330349	SRX28574845	SAMN48173629	TT_D_016_RNA	PAIRED
D_018	D	3	HR-HER2-	HR-HER2-	SRR33330347	SRX28574847	SAMN48173631	TT_D_018_RNA	PAIRED
D_020	D	3	HR-HER2-	HR-HER2-	SRR33330345	SRX28574849	SAMN48173633	TT_D_020_RNA	PAIRED
D_021	D	3	HR-HER2-	HR-HER2-	SRR33330344	SRX28574850	SAMN48173634	TT_D_021_RNA	PAIRED
D_022	D	3	HR-HER2-	HR-HER2-	SRR33330343	SRX28574851	SAMN48173635	TT_D_022_RNA	PAIRED
D_024	D	3	HR-HER2-	HR-HER2-	SRR33330340	SRX28574854	SAMN48173637	TT_D_024_RNA	PAIRED
D_028	D	3	HR-HER2-	HR-HER2-	SRR33330240	SRX28574954	SAMN48173641	TT_D_028_RNA	PAIRED
D_030	D	3	HR-HER2-	HR+HER2-	SRR33330239	SRX28574955	SAMN48173642	TT_D_030_RNA	PAIRED
D_031	D	3	HR-HER2-	HR-HER2-	SRR33330238	SRX28574956	SAMN48173643	TT_D_031_RNA	PAIRED
D_035	D	2	HR-HER2-	HR-HER2-	SRR33330233	SRX28574961	SAMN48173647	TT_D_035_RNA	PAIRED
D_036	D	3	HR-HER2-	HR-HER2-	SRR33330232	SRX28574962	SAMN48173648	TT_D_036_RNA	PAIRED
D_037	D	3	HR-HER2-	HR-HER2-	SRR33330231	SRX28574963	SAMN48173649	TT_D_037_RNA	PAIRED
D_038	D	3	HR-HER2-	HR-HER2-	SRR33330230	SRX28574964	SAMN48173650	TT_D_038_RNA	PAIRED
D_039	D	3	HR-HER2-	HR-HER2-	SRR33330229	SRX28574965	SAMN48173651	TT_D_039_RNA	PAIRED
D_042	D	3	HR-HER2-	HR-HER2-	SRR33330226	SRX28574968	SAMN48173654	TT_D_042_RNA	PAIRED
D_045	D	2	HR-HER2-	HR-HER2-	SRR33330222	SRX28574972	SAMN48173657	TT_D_045_RNA	PAIRED
D_047	D	3	HR-HER2-	HR+HER2-	SRR33330220	SRX28574974	SAMN48173659	TT_D_047_RNA	PAIRED
D_048	D	3	HR-HER2-	HR-HER2-	SRR33330219	SRX28574975	SAMN48173660	TT_D_048_RNA	PAIRED
D_051	D	2	HR-HER2-	HR-HER2-	SRR33330216	SRX28574978	SAMN48173663	TT_D_051_RNA	PAIRED
D_053	D	3	HR-HER2-	HR-HER2-	SRR33330214	SRX28574980	SAMN48173665	TT_D_053_RNA	PAIRED
D_055	D	3	HR-HER2-	HR-HER2-	SRR33330274	SRX28574920	SAMN48173667	TT_D_055_RNA	PAIRED
D_056	D	3	HR-HER2-	HR-HER2-	SRR33330273	SRX28574921	SAMN48173668	TT_D_056_RNA	PAIRED
D_057	D	3	HR-HER2-	HR-HER2-	SRR33330272	SRX28574922	SAMN48173669	TT_D_057_RNA	PAIRED
D_058	D	3	HR-HER2-	HR-HER2-	SRR33330271	SRX28574923	SAMN48173670	TT_D_058_RNA	PAIRED
D_060	D	3	HR-HER2-	HR-HER2-	SRR33330269	SRX28574925	SAMN48173672	TT_D_060_RNA	PAIRED
D_062	D	2	HR-HER2-	HR-HER2-	SRR33330267	SRX28574927	SAMN48173674	TT_D_062_RNA	PAIRED
D_102	ND	2	HR-HER2-	HR-HER2-	SRR33330266	SRX28574928	SAMN48173675	TT_D_102_RNA	PAIRED
D_106	ND	2	HR-HER2-	HR-HER2-	SRR33330261	SRX28574933	SAMN48173679	TT_D_106_RNA	PAIRED
D_109	ND	2	HR-HER2-	HR-HER2-	SRR33330260	SRX28574934	SAMN48173680	TT_D_109_RNA	PAIRED
D_110	ND	3	HR-HER2-	HR-HER2-	SRR33330259	SRX28574935	SAMN48173681	TT_D_110_RNA	PAIRED
D_118	ND	3	HR-HER2-	HR-HER2-	SRR33330251	SRX28574943	SAMN48173688	TT_D_118_RNA	PAIRED
D_121	ND	2	HR-HER2-	HR-HER2-	SRR33330249	SRX28574945	SAMN48173690	TT_D_121_RNA	PAIRED
D_122	ND	2	HR-HER2-	HR-HER2-	SRR33330248	SRX28574946	SAMN48173691	TT_D_122_RNA	PAIRED
D_127	ND	2	HR-HER2-	HR-HER2-	SRR33330246	SRX28574948	SAMN48173693	TT_D_127_RNA	PAIRED
D_140	ND	2	HR-HER2-	HR-HER2-	SRR33330433	SRX28574761	SAMN48173697	TT_D_140_RNA	PAIRED
D_142	ND	2	HR-HER2-	HR-HER2-	SRR33330432	SRX28574762	SAMN48173698	TT_D_142_RNA	PAIRED
D_152	ND	3	HR-HER2-	HR-HER2-	SRR33330429	SRX28574765	SAMN48173701	TT_D_152_RNA	PAIRED
D_153	ND	3	HR-HER2-	HR-HER2-	SRR33330428	SRX28574766	SAMN48173702	TT_D_153_RNA	PAIRED
D_154	ND	2	HR-HER2-	HR+HER2-	SRR33330427	SRX28574767	SAMN48173703	TT_D_154_RNA	PAIRED
D_160	ND	2	HR-HER2-	HR-HER2-	SRR33330425	SRX28574769	SAMN48173705	TT_D_160_RNA	PAIRED
