manuscript_section	figure	panel	scientific_question	dataset	analysis_unit	final_output	authoritative_result_file	authoritative_script	supporting_scripts	software	status	notes
Functional programs	Fig. 4 and Supplementary Fig. S1	Not assigned automatically	score-gene-excluded discovery reanalysis	GSE176078	patient/section as specified in source	Source-defined filenames; see release script	See original source references and config/input_manifest.tsv	analysis/05_functional_programs/scripts/score_independent_reanalysis.R		R	INTERMEDIATE	Source file recovered; not certified as the final generating script. Do not treat this row as a completed manuscript mapping.
Functional programs	Fig. 4 and Supplementary Fig. S1	Not assigned automatically	Finalize score-gene-excluded companion tables	GSE176078	patient/section as specified in source	Source-defined filenames; see release script	See original source references and config/input_manifest.tsv	analysis/05_functional_programs/scripts/finalize_companion_tables.R		R	INTERMEDIATE	Source file recovered; not certified as the final generating script. Do not treat this row as a completed manuscript mapping.
Functional programs	Fig. 4 and Supplementary Fig. S1	Not assigned automatically	Build program-landscape and lineage source tables	GSE176078	patient/section as specified in source	Source-defined filenames; see release script	See original source references and config/input_manifest.tsv	analysis/05_functional_programs/scripts/build_program_landscape_sources.py		py	INTERMEDIATE	Source file recovered; not certified as the final generating script. Do not treat this row as a completed manuscript mapping.
Functional programs	Fig. 4 and Supplementary Fig. S1	Not assigned automatically	Lineage and external-cohort context summaries	GSE176078	patient/section as specified in source	Source-defined filenames; see release script	See original source references and config/input_manifest.tsv	analysis/05_functional_programs/scripts/lineage_and_external_context.py		py	INTERMEDIATE	Source file recovered; not certified as the final generating script. Do not treat this row as a completed manuscript mapping.
Functional programs	Fig. 4 and Supplementary Fig. S1	Not assigned automatically	Hallmark GSEA and leading-edge completion	GSE176078	patient/section as specified in source	Source-defined filenames; see release script	See original source references and config/input_manifest.tsv	analysis/05_functional_programs/scripts/hallmark_gsea_and_leading_edge.R		R	INTERMEDIATE	Source file recovered; not certified as the final generating script. Do not treat this row as a completed manuscript mapping.
Supplementary robustness analyses	Supplementary Fig. S1–S4	Not assigned automatically	Effect-size threshold and LFC-shrinkage sensitivity	GSE176078; ARTEMIS; GSE210616; BSW2	patient/section as specified in source	Source-defined filenames; see release script	See original source references and config/input_manifest.tsv	analysis/supplementary/scripts/effect_size_and_shrinkage_sensitivity.R		R	INTERMEDIATE	Source file recovered; not certified as the final generating script. Do not treat this row as a completed manuscript mapping.
Independent TNBC validation	Fig. 5; orthogonal transfer in Fig. 4	Not assigned automatically	Export cell-cycle reference genes	ARTEMIS; GSE180286	patient/section as specified in source	Source-defined filenames; see release script	See original source references and config/input_manifest.tsv	analysis/06_independent_tnbc_validation/scripts/export_cell_cycle_genes.R		R	INTERMEDIATE	Source file recovered; not certified as the final generating script. Do not treat this row as a completed manuscript mapping.
Independent TNBC validation	Fig. 5; orthogonal transfer in Fig. 4	Not assigned automatically	Prepare ARTEMIS data and study-defined signatures	ARTEMIS; GSE180286	patient/section as specified in source	Source-defined filenames; see release script	See original source references and config/input_manifest.tsv	analysis/06_independent_tnbc_validation/scripts/prepare_artemis_and_signatures.py		py	INTERMEDIATE	Source file recovered; not certified as the final generating script. Do not treat this row as a completed manuscript mapping.
Independent TNBC validation	Fig. 5; orthogonal transfer in Fig. 4	Not assigned automatically	ARTEMIS validation analyses	ARTEMIS; GSE180286	patient/section as specified in source	Source-defined filenames; see release script	See original source references and config/input_manifest.tsv	analysis/06_independent_tnbc_validation/scripts/artemis_validation.py		py	INTERMEDIATE	Source file recovered; not certified as the final generating script. Do not treat this row as a completed manuscript mapping.
Independent TNBC validation	Fig. 5; orthogonal transfer in Fig. 4	Not assigned automatically	GSE180286 completion analysis	ARTEMIS; GSE180286	patient/section as specified in source	Source-defined filenames; see release script	See original source references and config/input_manifest.tsv	analysis/06_independent_tnbc_validation/scripts/gse180286_closure.R		R	INTERMEDIATE	Source file recovered; not certified as the final generating script. Do not treat this row as a completed manuscript mapping.
Independent TNBC validation	Fig. 5; orthogonal transfer in Fig. 4	Not assigned automatically	Prepare GSE180286 transfer source tables	ARTEMIS; GSE180286	patient/section as specified in source	Source-defined filenames; see release script	See original source references and config/input_manifest.tsv	analysis/06_independent_tnbc_validation/scripts/prepare_gse180286_transfer_sources.R		R	INTERMEDIATE	Source file recovered; not certified as the final generating script. Do not treat this row as a completed manuscript mapping.
Spatial recurrence and replication	Fig. 6 and Supplementary Fig. S4	Not assigned automatically	Compute section-level YAP-Stem and Program146 spot scores	GSE210616; BSW2	patient/section as specified in source	Source-defined filenames; see release script	See original source references and config/input_manifest.tsv	analysis/07_spatial_validation/scripts/compute_spatial_scores_worker.R		R	INTERMEDIATE	Source file recovered; not certified as the final generating script. Do not treat this row as a completed manuscript mapping.
Spatial recurrence and replication	Fig. 6 and Supplementary Fig. S4	Not assigned automatically	Assemble patient-recurrent spatial coupling results	GSE210616; BSW2	patient/section as specified in source	Source-defined filenames; see release script	See original source references and config/input_manifest.tsv	analysis/07_spatial_validation/scripts/assemble_spatial_coupling_results.R		R	INTERMEDIATE	Source file recovered; not certified as the final generating script. Do not treat this row as a completed manuscript mapping.
Spatial recurrence and replication	Fig. 6 and Supplementary Fig. S4	Not assigned automatically	Compute cohort recurrence and Lee L neighborhood statistics	GSE210616; BSW2	patient/section as specified in source	Source-defined filenames; see release script	See original source references and config/input_manifest.tsv	analysis/07_spatial_validation/scripts/compute_spatial_enrichment_and_neighborhood_statistics.R		R	INTERMEDIATE	Source file recovered; not certified as the final generating script. Do not treat this row as a completed manuscript mapping.
Spatial recurrence and replication	Fig. 6 and Supplementary Fig. S4	Not assigned automatically	Score study-defined spatial functional modules	GSE210616; BSW2	patient/section as specified in source	Source-defined filenames; see release script	See original source references and config/input_manifest.tsv	analysis/07_spatial_validation/scripts/score_spatial_modules.R		R	INTERMEDIATE	Source file recovered; not certified as the final generating script. Do not treat this row as a completed manuscript mapping.
Spatial recurrence and replication	Fig. 6 and Supplementary Fig. S4	Not assigned automatically	Assemble patient-level spatial module results	GSE210616; BSW2	patient/section as specified in source	Source-defined filenames; see release script	See original source references and config/input_manifest.tsv	analysis/07_spatial_validation/scripts/assemble_spatial_module_results.R		R	INTERMEDIATE	Source file recovered; not certified as the final generating script. Do not treat this row as a completed manuscript mapping.
Spatial recurrence and replication	Fig. 6 and Supplementary Fig. S4	Not assigned automatically	Independent BSW2 spatial replication	GSE210616; BSW2	patient/section as specified in source	Source-defined filenames; see release script	See original source references and config/input_manifest.tsv	analysis/07_spatial_validation/scripts/bsw2_spatial_replication.R		R	INTERMEDIATE	Source file recovered; not certified as the final generating script. Do not treat this row as a completed manuscript mapping.
Data preparation	Fig. 1–2	Not assigned automatically	Figure 2 volcano threshold panel	GSE176078	patient/section as specified in source	Source-defined filenames; see release script	See original source references and config/input_manifest.tsv	analysis/01_data_preparation/scripts/pseudobulk_volcano_panel.R		R	INTERMEDIATE	Source file recovered; not certified as the final generating script. Do not treat this row as a completed manuscript mapping.
YAP–Stem transcriptional continuum	Fig. 3 and Supplementary Fig. S2	Not assigned automatically	Figure 3E concordance label correction	GSE176078	patient/section as specified in source	Source-defined filenames; see release script	See original source references and config/input_manifest.tsv	analysis/03_yap_stem_continuum/scripts/state_definition_concordance_panel.R		R	INTERMEDIATE	Source file recovered; not certified as the final generating script. Do not treat this row as a completed manuscript mapping.
Functional programs	Fig. 4 and Supplementary Fig. S1	Not assigned automatically	Figure 4 integrated patient functional evidence	GSE176078	patient/section as specified in source	Source-defined filenames; see release script	See original source references and config/input_manifest.tsv	analysis/05_functional_programs/scripts/functional_evidence_landscape.R		R	documented	Linked to an existing local analysis result; final manuscript panel placement and clean execution are not certified.
score-gene-excluded Program146	Current Fig. 4; panel-specific mapping below	Not assigned automatically	Figure 4 differential-expression landscape	GSE176078	patient/section as specified in source	Source-defined filenames; see release script	See original source references and config/input_manifest.tsv	analysis/04_program146/scripts/program_differential_expression_landscape.R		R	CONTENT_MATCH_CANDIDATE	Legacy source family; do not use historical panel letters for the approved current figure. Original derivation provenance is resolved; final render/assembly identity is separate.
Functional programs	Fig. 4 and Supplementary Fig. S1	Not assigned automatically	Figure 4 leading-edge architecture	GSE176078	patient/section as specified in source	Source-defined filenames; see release script	See original source references and config/input_manifest.tsv	analysis/05_functional_programs/scripts/leading_edge_architecture.R		R	documented	Linked to an existing local analysis result; final manuscript panel placement and clean execution are not certified.
score-gene-excluded Program146	Current Fig. 4; panel-specific mapping below	Not assigned automatically	Figure 4 patient gene-effect consistency	GSE176078	patient/section as specified in source	Source-defined filenames; see release script	See original source references and config/input_manifest.tsv	analysis/04_program146/scripts/patient_gene_effect_consistency.R		R	CONTENT_MATCH_CANDIDATE	Legacy source family; do not use historical panel letters for the approved current figure. Original derivation provenance is resolved; final render/assembly identity is separate.
Independent TNBC validation	Fig. 5; orthogonal transfer in Fig. 4	Not assigned automatically	Figure 4 orthogonal program transfer	ARTEMIS; GSE180286	patient/section as specified in source	Source-defined filenames; see release script	See original source references and config/input_manifest.tsv	analysis/06_independent_tnbc_validation/scripts/orthogonal_program_transfer.R		R	documented	Linked to an existing local analysis result; final manuscript panel placement and clean execution are not certified.
Independent TNBC validation	Fig. 5; orthogonal transfer in Fig. 4	Not assigned automatically	Figure 5 final data completion	ARTEMIS; GSE180286	patient/section as specified in source	Source-defined filenames; see release script	See original source references and config/input_manifest.tsv	analysis/06_independent_tnbc_validation/scripts/figure5_data_closure.R		R	INTERMEDIATE	Source file recovered; not certified as the final generating script. Do not treat this row as a completed manuscript mapping.
Independent TNBC validation	Fig. 5; orthogonal transfer in Fig. 4	Not assigned automatically	Figure 5 final render	ARTEMIS; GSE180286	patient/section as specified in source	Source-defined filenames; see release script	See original source references and config/input_manifest.tsv	analysis/06_independent_tnbc_validation/scripts/render_figure5.R		R	INTERMEDIATE	Source file recovered; not certified as the final generating script. Do not treat this row as a completed manuscript mapping.
Spatial recurrence and replication	Fig. 6 and Supplementary Fig. S4	Not assigned automatically	Figure 6B/C visual render	GSE210616; BSW2	patient/section as specified in source	Source-defined filenames; see release script	See original source references and config/input_manifest.tsv	analysis/07_spatial_validation/scripts/render_spatial_robustness_panels.py		py	documented	Linked to an existing local analysis result; final manuscript panel placement and clean execution are not certified.
Spatial recurrence and replication	Fig. 6 and Supplementary Fig. S4	Not assigned automatically	Figure 6D spatial enrichment render	GSE210616; BSW2	patient/section as specified in source	Source-defined filenames; see release script	See original source references and config/input_manifest.tsv	analysis/07_spatial_validation/scripts/render_spatial_enrichment_panel.R		R	documented	Linked to an existing local analysis result; final manuscript panel placement and clean execution are not certified.
Spatial recurrence and replication	Fig. 6 and Supplementary Fig. S4	Not assigned automatically	Figure 6E neighborhood co-organization render	GSE210616; BSW2	patient/section as specified in source	Source-defined filenames; see release script	See original source references and config/input_manifest.tsv	analysis/07_spatial_validation/scripts/render_neighborhood_coorganization_panel.R		R	documented	Linked to an existing local analysis result; final manuscript panel placement and clean execution are not certified.
Spatial recurrence and replication	Fig. 6 and Supplementary Fig. S4	Not assigned automatically	Figure 6F patient-recurrent functional coupling render	GSE210616; BSW2	patient/section as specified in source	Source-defined filenames; see release script	See original source references and config/input_manifest.tsv	analysis/07_spatial_validation/scripts/render_patient_recurrent_functional_coupling.R		R	documented	Linked to an existing local analysis result; final manuscript panel placement and clean execution are not certified.
Spatial recurrence and replication	Fig. 6 and Supplementary Fig. S4	Not assigned automatically	Figure 6G independent spatial replication render	GSE210616; BSW2	patient/section as specified in source	Source-defined filenames; see release script	See original source references and config/input_manifest.tsv	analysis/07_spatial_validation/scripts/render_independent_spatial_replication.R		R	documented	Linked to an existing local analysis result; final manuscript panel placement and clean execution are not certified.
Spatial recurrence and replication	Fig. 6 and Supplementary Fig. S4	Not assigned automatically	Figure 6A left spatial map display reset	GSE210616; BSW2	patient/section as specified in source	Source-defined filenames; see release script	See original source references and config/input_manifest.tsv	analysis/07_spatial_validation/scripts/render_spatial_score_maps.R		R	documented	Linked to an existing local analysis result; final manuscript panel placement and clean execution are not certified.
Supplementary robustness analyses	Supplementary Fig. S1–S4	Not assigned automatically	Render S2A patient-resolved robustness	GSE176078; ARTEMIS; GSE210616; BSW2	patient/section as specified in source	Source-defined filenames; see release script	See original source references and config/input_manifest.tsv	analysis/supplementary/scripts/render_s2a_patient_robustness.R		R	INTERMEDIATE	Source file recovered; not certified as the final generating script. Do not treat this row as a completed manuscript mapping.
Supplementary robustness analyses	Supplementary Fig. S1–S4	Not assigned automatically	Render S2B matched-null calibration	GSE176078; ARTEMIS; GSE210616; BSW2	patient/section as specified in source	Source-defined filenames; see release script	See original source references and config/input_manifest.tsv	analysis/supplementary/scripts/render_s2b_matched_null.R		R	INTERMEDIATE	Source file recovered; not certified as the final generating script. Do not treat this row as a completed manuscript mapping.
Supplementary robustness analyses	Supplementary Fig. S1–S4	Not assigned automatically	Render S2C state-definition robustness	GSE176078; ARTEMIS; GSE210616; BSW2	patient/section as specified in source	Source-defined filenames; see release script	See original source references and config/input_manifest.tsv	analysis/supplementary/scripts/render_s2c_state_definition.R		R	INTERMEDIATE	Source file recovered; not certified as the final generating script. Do not treat this row as a completed manuscript mapping.
Supplementary robustness analyses	Supplementary Fig. S1–S4	Not assigned automatically	Render S2D Program146 stability	GSE176078; ARTEMIS; GSE210616; BSW2	patient/section as specified in source	Source-defined filenames; see release script	See original source references and config/input_manifest.tsv	analysis/supplementary/scripts/render_s2d_program_stability.R		R	INTERMEDIATE	Source file recovered; not certified as the final generating script. Do not treat this row as a completed manuscript mapping.
Supplementary robustness analyses	Supplementary Fig. S1–S4	Not assigned automatically	Render S3A adjustment displacement	GSE176078; ARTEMIS; GSE210616; BSW2	patient/section as specified in source	Source-defined filenames; see release script	See original source references and config/input_manifest.tsv	analysis/supplementary/scripts/render_s3a_adjustment_displacement.R		R	documented	Linked to an existing local analysis result; final manuscript panel placement and clean execution are not certified.
Supplementary robustness analyses	Supplementary Fig. S1–S4	Not assigned automatically	Render S3B patient-level distribution	GSE176078; ARTEMIS; GSE210616; BSW2	patient/section as specified in source	Source-defined filenames; see release script	See original source references and config/input_manifest.tsv	analysis/supplementary/scripts/render_s3b_patient_distribution.R		R	documented	Linked to an existing local analysis result; final manuscript panel placement and clean execution are not certified.
Supplementary robustness analyses	Supplementary Fig. S1–S4	Not assigned automatically	Render S3C state sensitivity	GSE176078; ARTEMIS; GSE210616; BSW2	patient/section as specified in source	Source-defined filenames; see release script	See original source references and config/input_manifest.tsv	analysis/supplementary/scripts/render_s3c_state_sensitivity.R		R	documented	Linked to an existing local analysis result; final manuscript panel placement and clean execution are not certified.
Supplementary robustness analyses	Supplementary Fig. S1–S4	Not assigned automatically	Render S3D leave-one-cancer-state-out robustness	GSE176078; ARTEMIS; GSE210616; BSW2	patient/section as specified in source	Source-defined filenames; see release script	See original source references and config/input_manifest.tsv	analysis/supplementary/scripts/render_s3d_leave_one_state_out.R		R	documented	Linked to an existing local analysis result; final manuscript panel placement and clean execution are not certified.
Data preparation	Fig. 1–2	Not assigned automatically	CNA matrix and identity preparation	GSE176078	patient/section as specified in source	Source-defined filenames; see release script	See original source references and config/input_manifest.tsv	analysis/01_data_preparation/scripts/prepare_cna_inputs.R		R	INTERMEDIATE	Source file recovered; not certified as the final generating script. Do not treat this row as a completed manuscript mapping.
Malignant-cell and CNA sensitivity analysis	Fig. 2 and Supplementary Fig. S1	Not assigned automatically	Reference-subsampled CopyKAT inference	GSE176078	patient/section as specified in source	Source-defined filenames; see release script	See original source references and config/input_manifest.tsv	analysis/02_malignant_cell_and_cnv/scripts/copykat/run_copykat_patient.R		R	UNRESOLVED	Blocked: EXECUTION_LINK_UNRESOLVED. No substitute original execution is asserted.
Malignant-cell and CNA sensitivity analysis	Fig. 2 and Supplementary Fig. S1	Not assigned automatically	Anchored patient-wise SCEVAN inference	GSE176078	patient/section as specified in source	Source-defined filenames; see release script	See original source references and config/input_manifest.tsv	analysis/02_malignant_cell_and_cnv/scripts/scevan/run_scevan_patient.R		R	UNRESOLVED	Blocked: EXECUTION_LINK_UNRESOLVED. No substitute original execution is asserted.
Malignant-cell and CNA sensitivity analysis	Fig. 2 and Supplementary Fig. S1	Not assigned automatically	Continuous inferCNV burden and native HMM status	GSE176078	patient/section as specified in source	Source-defined filenames; see release script	See original source references and config/input_manifest.tsv	analysis/02_malignant_cell_and_cnv/scripts/infercnv/run_infercnv_patient.R		R	UNRESOLVED	Blocked: EXECUTION_LINK_UNRESOLVED. No substitute original execution is asserted.
Malignant-cell and CNA sensitivity analysis	Fig. 2 and Supplementary Fig. S1	Not assigned automatically	Exact cell-ID integration and patient-unit sensitivity	GSE176078	patient/section as specified in source	Source-defined filenames; see release script	See original source references and config/input_manifest.tsv	analysis/02_malignant_cell_and_cnv/scripts/integrate_caller_results.py		py	documented	Linked to an existing local analysis result; final manuscript panel placement and clean execution are not certified.
Malignant-cell and CNA sensitivity analysis	Fig. 2 and Supplementary Fig. S1	Not assigned automatically	Existing Program146 score recovery and sensitivity	GSE176078	patient/section as specified in source	Source-defined filenames; see release script	See original source references and config/input_manifest.tsv	analysis/02_malignant_cell_and_cnv/scripts/recover_program_scores.py		py	documented	Linked to an existing local analysis result; final manuscript panel placement and clean execution are not certified.
Malignant-cell and CNA sensitivity analysis	Fig. 2 and Supplementary Fig. S1	Not assigned automatically	Six fixed modules within caller-supported subsets	GSE176078	patient/section as specified in source	Source-defined filenames; see release script	See original source references and config/input_manifest.tsv	analysis/02_malignant_cell_and_cnv/scripts/module_caller_sensitivity.py		py	documented	Linked to an existing local analysis result; final manuscript panel placement and clean execution are not certified.
Malignant-cell and CNA sensitivity analysis	Fig. 2 and Supplementary Fig. S1	Not assigned automatically	Read existing normalized expression by exact cell ID	GSE176078	patient/section as specified in source	Source-defined filenames; see release script	See original source references and config/input_manifest.tsv	analysis/02_malignant_cell_and_cnv/scripts/recover_mcl1_expression.R		R	documented	Linked to an existing local analysis result; final manuscript panel placement and clean execution are not certified.
score-gene-excluded Program146	Current Fig. 4; panel-specific mapping below	Not assigned automatically	Patient-blocked High-versus-Other effect verification	GSE176078	patient/section as specified in source	Source-defined filenames; see release script	See original source references and config/input_manifest.tsv	analysis/04_program146/scripts/verify_patient_pseudobulk_effects.R		R	CONTENT_MATCH_CANDIDATE	Legacy source family; do not use historical panel letters for the approved current figure. Original derivation provenance is resolved; final render/assembly identity is separate.
Functional programs	Fig. 4 and Supplementary Fig. S1	Not assigned automatically	study-defined Hallmark enrichment and patient-level recurrence	GSE176078	patient/section as specified in source	Source-defined filenames; see release script	See original source references and config/input_manifest.tsv	analysis/05_functional_programs/scripts/external_hallmark_analysis.R	analysis/05_functional_programs/scripts/build_hallmark_ranking.R	R	documented	RESOLVED 2026-09-15: the upstream step is shipped as build_hallmark_ranking.R, a deterministic projection of the saved score-excluded 17,597-gene DESeq2 Wald table (no model refit, no gene filtering, no statistic recomputed). Verified against the saved ranking: 17,597 genes, all flagged score-definition-excluded, ranking_statistic identical to Wald_stat (max absolute difference 0), 50 Hallmark pathways in the saved enrichment result. Final render/assembly composition is still not certified.
YAP–Stem transcriptional continuum	Fig. 3 and Supplementary Fig. S2	Not assigned automatically	Patient-level scoring and covariate robustness	GSE176078	patient/section as specified in source	Source-defined filenames; see release script	See original source references and config/input_manifest.tsv	analysis/03_yap_stem_continuum/scripts/wu_robustness_models.R		R	documented	Linked to an existing local analysis result; final manuscript panel placement and clean execution are not certified.
Independent TNBC validation	Fig. 5; orthogonal transfer in Fig. 4	Not assigned automatically	Patient-level external scoring robustness	ARTEMIS; GSE180286	patient/section as specified in source	Source-defined filenames; see release script	See original source references and config/input_manifest.tsv	analysis/06_independent_tnbc_validation/scripts/artemis_robustness_models.py		py	documented	Linked to an existing local analysis result; final manuscript panel placement and clean execution are not certified.
Supplementary robustness analyses	Supplementary Fig. S1–S4	Not assigned automatically	Leave-one-cancer-state-out and paired-section summaries	GSE176078; ARTEMIS; GSE210616; BSW2	patient/section as specified in source	Source-defined filenames; see release script	See original source references and config/input_manifest.tsv	analysis/supplementary/scripts/state_omission_and_spatial_summaries.py		py	documented	Linked to an existing local analysis result; final manuscript panel placement and clean execution are not certified.
Current Figure 4 mapping review	Fig. 4	A	Patient-blocked pseudobulk derivation flow	GSE176078; external cohorts only as specified by the original panel	patient; gene-level DE from patient-blocked pseudobulk where applicable	Approved Figure-4.pdf; assembled export identity not certified	Formal result and panel-specific source tables; see module README	analysis/04_program146/scripts/01_derive_program146.R	Derivation source is not the render source. Scientific source recovered; flow artwork producer not identified. No attempt to reconstruct its drawing.	R / manual assembly as applicable	SOURCE_LINKED	Scientific derivation source linked; artwork/composition remains manual. MANUAL_COMPOSITION_REMAINS. Scientific source recovered; flow artwork producer not identified. No attempt to reconstruct its drawing.
Current Figure 4 mapping review	Fig. 4	B	score-gene-excluded DE / Program146 volcano	GSE176078; external cohorts only as specified by the original panel	patient; gene-level DE from patient-blocked pseudobulk where applicable	Approved Figure-4.pdf; assembled export identity not certified	Formal result and panel-specific source tables; see module README	analysis/04_program146/scripts/01_derive_program146.R	Derivation source is not the render source. Competing render versions retained; exact assembled export version requires approval. Original statistics producer separately recovered.	R / manual assembly as applicable	CONTENT_MATCH_CANDIDATE	MANUAL_COMPOSITION_REMAINS. Competing render versions retained; exact assembled export version requires approval. Original statistics producer separately recovered.
Current Figure 4 mapping review	Fig. 4	C	Six-program patient ordered-state functional landscape	GSE176078; external cohorts only as specified by the original panel	patient; gene-level DE from patient-blocked pseudobulk where applicable	Approved Figure-4.pdf; assembled export identity not certified	Formal result and panel-specific source tables; see module README		Derivation source is not the render source. Both content regions originate in an older A-labelled integrated source family; current approved positions differ.	R / manual assembly as applicable	CONTENT_MATCH_CANDIDATE	MANUAL_COMPOSITION_REMAINS. Both content regions originate in an older A-labelled integrated source family; current approved positions differ.
Current Figure 4 mapping review	Fig. 4	D	Six-program decile functional trends	GSE176078; external cohorts only as specified by the original panel	patient; gene-level DE from patient-blocked pseudobulk where applicable	Approved Figure-4.pdf; assembled export identity not certified	Formal result and panel-specific source tables; see module README		Derivation source is not the render source. Both content regions originate in an older A-labelled integrated source family; current approved positions differ.	R / manual assembly as applicable	CONTENT_MATCH_CANDIDATE	MANUAL_COMPOSITION_REMAINS. Both content regions originate in an older A-labelled integrated source family; current approved positions differ.
Current Figure 4 mapping review	Fig. 4	E	Directional Hallmark pathway enrichment	GSE176078; external cohorts only as specified by the original panel	patient; gene-level DE from patient-blocked pseudobulk where applicable	Approved Figure-4.pdf; assembled export identity not certified	Formal result and panel-specific source tables; see module README	analysis/05_functional_programs/scripts/external_hallmark_analysis.R	analysis/05_functional_programs/scripts/build_hallmark_ranking.R	R	documented	SCIENTIFIC_CHAIN_RESOLVED: score-excluded 17,597-gene DESeq2 Wald ranking (build_hallmark_ranking.R) -> Hallmark enrichment (fgseaMultilevel, 50 sets) -> saved result table -> Figure 4E. Old source B label, approved E. MANUAL_COMPOSITION_REMAINS: the assembled export identity is still not certified.
Current Figure 4 mapping review	Fig. 4	F	Leading-edge gene/pathway membership	GSE176078; external cohorts only as specified by the original panel	patient; gene-level DE from patient-blocked pseudobulk where applicable	Approved Figure-4.pdf; assembled export identity not certified	Formal result and panel-specific source tables; see module README	analysis/05_functional_programs/scripts/leading_edge_architecture.R	analysis/05_functional_programs/scripts/build_hallmark_ranking.R; analysis/05_functional_programs/scripts/hallmark_gsea_and_leading_edge.R	R	documented	SCIENTIFIC_CHAIN_RESOLVED: same score-excluded 17,597-gene Wald ranking and Hallmark result feed the leading-edge membership table rendered as Figure 4F. Old C family; final tile/refinement version must still be explicitly selected, not filename-guessed.
Current Figure 4 mapping review	Fig. 4	G	Orthogonal Program146 retention, signed transfer effects and enrichment	GSE176078; external cohorts only as specified by the original panel	patient; gene-level DE from patient-blocked pseudobulk where applicable	Approved Figure-4.pdf; assembled export identity not certified	Formal result and panel-specific source tables; see module README		Derivation source is not the render source. Old G/F numbering must not overwrite current G placement.	R / manual assembly as applicable	CONTENT_MATCH_CANDIDATE	MANUAL_COMPOSITION_REMAINS. Old G/F numbering must not overwrite current G placement.
Current Figure 4 mapping review	Fig. 4	H	Compact cross-dataset pathway concordance	GSE176078; external cohorts only as specified by the original panel	patient; gene-level DE from patient-blocked pseudobulk where applicable	Approved Figure-4.pdf; assembled export identity not certified	Formal result and panel-specific source tables; see module README		Derivation source is not the render source. Old F script name; approved H.	R / manual assembly as applicable	CONTENT_MATCH_CANDIDATE	MANUAL_COMPOSITION_REMAINS. Old F script name; approved H.
Malignant-cell and CNA sensitivity analysis	Fig. 2 and Supplementary Fig. S1	Not assigned automatically	Source population to malignant analytical population extraction	GSE176078	patient; source-object annotation only	cell_ids.tsv; per_patient_counts.tsv; extraction_summary.tsv	study-defined 10,836-cell analysis metadata; see config/input_manifest.tsv row WU_CELL_METADATA	analysis/02_malignant_cell_and_cnv/scripts/extract_wu_malignant_population.R		R	documented	Verified 2026-09-15: 100,064 cells / 26 patients, then subtype == 'TNBC' 42,512 / 10, then celltype_major == 'Cancer Epithelial' 10,836 / 8 donors. Selection uses the source object's own annotation only; RNA-CNA callers do not define inclusion; the extraction reproduces the study-defined cell_id set exactly.
YAP–Stem transcriptional continuum	Fig. 3 and Supplementary Fig. S2	Not assigned automatically	YAP17 and Stem21 component scoring	GSE176078	cell; RNA assay data layer	component_scores.tsv; signature_coverage.tsv	study-defined cell metadata; see config/input_manifest.tsv	analysis/03_yap_stem_continuum/scripts/score_yap17_stem21.R		R	documented	Verified 2026-09-15: 17 of 17 YAP17 and 21 of 21 Stem21 genes measurable in the Wu RNA data layer. Unweighted arithmetic mean over measurable members; absent genes stay absent, no alias substitution and no re-selection.
YAP–Stem transcriptional continuum	Fig. 3 and Supplementary Fig. S2	Not assigned automatically	Joint axis and Low/Intermediate/High tertile assignment	GSE176078	cell; cohort-level standardisation over the study-defined 10,836-cell population	joint_state.tsv; state_counts.tsv	analysis/03_yap_stem_continuum/tables/state_reproduction_validation.tsv	analysis/03_yap_stem_continuum/scripts/derive_joint_axis_and_tertiles.R		R	documented	Verified 2026-09-15: Joint = z(YAP17) + z(Stem21) using the cohort-level sample SD; High 3,612 / Other 7,224. Equal-thirds breaks on a population exactly divisible by 3 with no tie spanning a boundary.
YAP–Stem transcriptional continuum	Fig. 3 and Supplementary Fig. S2	Not assigned automatically	Joint axis and state-assignment validation against the study-defined columns	GSE176078	cell	state_reproduction_validation.tsv; tertile_rule_equivalence.tsv	analysis/03_yap_stem_continuum/tables/state_reproduction_validation.tsv	analysis/03_yap_stem_continuum/scripts/validate_joint_state_reproduction.R		R	documented	Verified 2026-09-15: max absolute Joint difference 1.998e-14 and 0 state mismatches across 10,836 cells. Five equal-thirds rules each give 0 mismatches. Residual ambiguity in the original code path is reported rather than hidden.
