release_script	original_script	original_SHA256	release_SHA256	scientific_role	figure	changes_made	numerical_equivalence_checked	status	historical_timestamp	scientific_logic_changed	equivalence_status
analysis/05_functional_programs/scripts/score_independent_reanalysis.R	0713_score_independent_rebuild/scripts/00_score_independent_reanalysis.R	8fab548168b2ef40266508bcae9caba16717d5e6d58a233e4a09f2e116e650ef	f0eddd4106b75ee00b56a13684c556dd3dd33d1144b5a0d683687bfadf04937d	Score-independent discovery reanalysis	Fig. 4 and Supplementary Fig. S1	literal private paths -> workspace-relative paths; added documentation header	NOT_RERUN; syntax checked; scientific numeric literals unchanged; existing-result checks are separate	SOURCE_RECOVERED			
analysis/05_functional_programs/scripts/finalize_companion_tables.R	0713_score_independent_rebuild/scripts/01_finalize_companion_tables.R	4d41b98ee0ca69e88a8904fa5f3eba28572c2007236784156309c668c5131418	8a15eefd789462d10918a2dd1682c2cb432852751ed85255e99b5a9cefab8256	Finalize score-independent companion tables	Fig. 4 and Supplementary Fig. S1	literal private paths -> workspace-relative paths; added documentation header	NOT_RERUN; syntax checked; scientific numeric literals unchanged; existing-result checks are separate	SOURCE_RECOVERED			
analysis/05_functional_programs/scripts/build_program_landscape_sources.py	0723_Core_program_gene_closure_and_multicellular_context_gate/scripts/01_program_landscape_and_lineage_manifest.py	95ba929be467e79637beb6f53d64b749c1035ed441714949f4b52005f4504f5d	166749451dbefb4dd025b3071b3bf1d98baeab0bcfb4815b660a4dd327ca6cc5	Build program-landscape and lineage source tables	Fig. 4 and Supplementary Fig. S1	literal private paths -> workspace-relative paths; added documentation header	NOT_RERUN; syntax checked; scientific numeric literals unchanged; existing-result checks are separate	SOURCE_RECOVERED			
analysis/05_functional_programs/scripts/lineage_and_external_context.py	0723_Core_program_gene_closure_and_multicellular_context_gate/scripts/03_lineage_and_yan_tme_gate.py	ecc3a12d49ed31a95c7fb006558edfcef3dfa505599353eebdd448e26537ab5a	ad3cdd160e62f419d1f4a9f3511850ac74de4e7f0bbbd23214b6e12c0f348bee	Lineage and external-cohort context summaries	Fig. 4 and Supplementary Fig. S1	literal private paths -> workspace-relative paths; added documentation header	NOT_RERUN; syntax checked; scientific numeric literals unchanged; existing-result checks are separate	SOURCE_RECOVERED			
analysis/05_functional_programs/scripts/hallmark_gsea_and_leading_edge.R	Figure4_EFG_FINAL_DATA_CLOSURE_ONLY/scripts/01_close_figure4_efg.R	583982406cc1962bd80e2a0cd0415021e9fcb18818df1955f708b06dd19a02d8	7a547c1d18b85586ce13b5e960f3e957888b770a34762c057a0dcdf53c2f9305	Hallmark GSEA and leading-edge closure	Fig. 4 and Supplementary Fig. S1	literal private paths -> workspace-relative paths; added documentation header; publication-facing comments/report wording only; scientific expressions unchanged	NOT_RERUN; syntax checked; scientific numeric literals unchanged; existing-result checks are separate; prose-only token/AST and syntax checks	SOURCE_RECOVERED			
analysis/supplementary/scripts/effect_size_and_shrinkage_sensitivity.R	Figure4_effect_size_threshold_sensitivity_audit/scripts/01_run_effect_size_and_shrinkage_sensitivity.R	f4e39f155e891205cc7e2b060fbb4819c30f48d62d7675d9df79c4f843434a7a	97232da1c3b5bee4040b76dfd2a1dd7eeadd49f46ecbb1d337b5705023c8b1ed	Effect-size threshold and LFC-shrinkage sensitivity	Supplementary Fig. S1–S4	literal private paths -> workspace-relative paths; added documentation header	NOT_RERUN; syntax checked; scientific numeric literals unchanged; existing-result checks are separate	SOURCE_RECOVERED			
analysis/06_independent_tnbc_validation/scripts/export_cell_cycle_genes.R	0716_yan2026_validation/scripts/00_export_cell_cycle_genes.R	8b3263f04ce5c6cb750e3bcc119e7fbd59a97822396b32f2b1bb4106d74e2d97	56c2455b8a92d4fa08ad86a57098c29581d038d44e39777d59bb78f77f074660	Export cell-cycle reference genes	Fig. 5; orthogonal transfer in Fig. 4	; added documentation header	NOT_RERUN; syntax checked; scientific numeric literals unchanged; existing-result checks are separate	SOURCE_RECOVERED			
analysis/06_independent_tnbc_validation/scripts/prepare_artemis_and_signatures.py	0716_yan2026_validation/scripts/01_prepare_yan_and_frozen_signatures.py	530213f077320191db1aec16f2b616b53aa14099397f517ce26344a8cc21f7cf	3532819f079504464243a7a41ce3fe5271addbdd29a9dc7fbaf3565b9ffa8db8	Prepare ARTEMIS data and frozen signatures	Fig. 5; orthogonal transfer in Fig. 4	literal private paths -> workspace-relative paths; added documentation header; publication-facing comments/report wording only; scientific expressions unchanged	NOT_RERUN; syntax checked; scientific numeric literals unchanged; existing-result checks are separate; prose-only token/AST and syntax checks	SOURCE_RECOVERED			
analysis/06_independent_tnbc_validation/scripts/artemis_validation.py	0716_yan2026_validation/scripts/03_yan_validation_stages4_7.py	8e4f7d8638c650d1b4d2a064cfb6afc60ec43f074de9770c65c627a5f55865e1	312ad17cfc6406af83dc1b10f6627c684ed03cd406a16b191d598b01d338efab	ARTEMIS validation analyses	Fig. 5; orthogonal transfer in Fig. 4	literal private paths -> workspace-relative paths; added documentation header	NOT_RERUN; syntax checked; scientific numeric literals unchanged; existing-result checks are separate	SOURCE_RECOVERED			
analysis/06_independent_tnbc_validation/scripts/gse180286_closure.R	0718_GSE180286_primary_LN_singlecell_closure/scripts/01_GSE180286_closure.R	a5ffbc1300024547fe270bdb3116ef2f7ab0f9796e56cf3cd9270d694134631c	e27b333158e8c9421c0f67a4af92d5d54ff0c8bcdcdf63f063a6563eea18f590	GSE180286 closure analysis	Fig. 5; orthogonal transfer in Fig. 4	literal private paths -> workspace-relative paths; added documentation header	NOT_RERUN; syntax checked; scientific numeric literals unchanged; existing-result checks are separate	SOURCE_RECOVERED			
analysis/06_independent_tnbc_validation/scripts/prepare_gse180286_transfer_sources.R	Figure4F_GSE180286_program_transfer/scripts/01_prepare_Figure4F_sources.R	8c59da60436d41809816c0c697a0cc37eb0cc717bcbfab30ec5933d0aff0533c	fabdaa2837404c737e354792550a4547be834a16cc487fe487e8280cb761e5bd	Prepare GSE180286 transfer source tables	Fig. 5; orthogonal transfer in Fig. 4	literal private paths -> workspace-relative paths; added documentation header	NOT_RERUN; syntax checked; scientific numeric literals unchanged; existing-result checks are separate	SOURCE_RECOVERED			
analysis/07_spatial_validation/scripts/compute_spatial_scores_worker.R	.tmp/Figure6_S1/run_s1_score_worker.R	d5648a4d1ea0fadb953e77dda4dea7e480c91620350b2ae08714140847305645	6913eeba24db8c11033b84de1c253c925e0f411c10575632a21e99199f879fb1	Compute section-level YAP-Stem and Program146 spot scores	Fig. 6 and Supplementary Fig. S4	literal private paths -> workspace-relative paths; added documentation header	NOT_RERUN; syntax checked; scientific numeric literals unchanged; existing-result checks are separate	SOURCE_RECOVERED			
analysis/07_spatial_validation/scripts/assemble_spatial_coupling_results.R	.tmp/Figure6_S1/assemble_s1_outputs.R	f8a983bc6acbbf61115df598256188818cea416053c31a904ca231dd495b3ef3	5ecae66871809311c68f4f3db6f6c62b701579b4e7b078d2d516a45cc5b8384e	Assemble patient-recurrent spatial coupling results	Fig. 6 and Supplementary Fig. S4	literal private paths -> workspace-relative paths; added documentation header; publication-facing comments/report wording only; scientific expressions unchanged	NOT_RERUN; syntax checked; scientific numeric literals unchanged; existing-result checks are separate; prose-only token/AST and syntax checks	SOURCE_RECOVERED			
analysis/07_spatial_validation/scripts/compute_spatial_enrichment_and_neighborhood_statistics.R	.tmp/Figure6_enrichment_gate/run_DE_gates.R	d00979becfba1afc6c94d5114fcd3101093a562d8f48a97a9bc738adbc4e2a8d	56106b77992dc76762ea53f8fdeeaa72156c4bcd3dafdc53f586090f81391ce3	Compute cohort recurrence and Lee L neighborhood statistics	Fig. 6 and Supplementary Fig. S4	literal private paths -> workspace-relative paths; added documentation header	NOT_RERUN; syntax checked; scientific numeric literals unchanged; existing-result checks are separate	SOURCE_RECOVERED			
analysis/07_spatial_validation/scripts/score_spatial_modules.R	Figure6_FG_biological_enrichment_phase/scripts/01_score_spatial_modules_worker.R	6e38d8b2a1e4241c33bf54c64d12c65154824a894793e30c3c6951bd40333469	6dea0fb9b89d2c5b9ce8c823d0d3de3325b2dbdd840b2d6b8d63a68e49f93817	Score predefined spatial functional modules	Fig. 6 and Supplementary Fig. S4	literal private paths -> workspace-relative paths; added documentation header	NOT_RERUN; syntax checked; scientific numeric literals unchanged; existing-result checks are separate	SOURCE_RECOVERED			
analysis/07_spatial_validation/scripts/assemble_spatial_module_results.R	Figure6_FG_biological_enrichment_phase/scripts/02_assemble_FG_results.R	8ad0da5297f13c143f23afb2b497b6d4c4e0620b4fc0d8914a694713779b0065	a42144eaf63034ded225e43073825cb2303e00718a6af66d5e092608adb2de4e	Assemble patient-level spatial module results	Fig. 6 and Supplementary Fig. S4	literal private paths -> workspace-relative paths; added documentation header; publication-facing comments/report wording only; scientific expressions unchanged	NOT_RERUN; syntax checked; scientific numeric literals unchanged; existing-result checks are separate; prose-only token/AST and syntax checks	SOURCE_RECOVERED			
analysis/07_spatial_validation/scripts/bsw2_spatial_replication.R	Figure6G1_BSW2_spatial_replication/scripts/01_run_Figure6G1.R	0422139102906e5b7273cf0ae45107adbf499a59c32323742d53ddf5d769f19d	e9f3803013655dcd002afbff45665871702ccf4dd7b3464d18ec46d18fdf5a60	Independent BSW2 spatial replication	Fig. 6 and Supplementary Fig. S4	literal private paths -> workspace-relative paths; added documentation header; publication-facing comments/report wording only; scientific expressions unchanged	NOT_RERUN; syntax checked; scientific numeric literals unchanged; existing-result checks are separate; prose-only token/AST and syntax checks	SOURCE_RECOVERED			
analysis/01_data_preparation/scripts/pseudobulk_volcano_panel.R	Figure2_volcano_threshold_patch.R	d3f80d7711d3a177fedf74bc198772923186b65ae9e3962eb6edbfabe96cf445	41e3eb23ab756d8edcd376242a5eecb4757da67a7e4bc191248669dea0ac9a32	Figure 2 volcano threshold panel	Fig. 1–2	literal private paths -> workspace-relative paths; added documentation header	NOT_RERUN; syntax checked; scientific numeric literals unchanged; existing-result checks are separate	SOURCE_RECOVERED			
analysis/03_yap_stem_continuum/scripts/state_definition_concordance_panel.R	Figure3E_kappa_concordance_patch/scripts/01_render_Figure3E_kappa_only.R	4ad36fe64c3b6664f83a47255f8bf7212b011cab6ea5e0c1ad434797d4f6f2f4	da15706b3e91e1122814ca820a3f6cb61b502d2e7c047f0508e5a5bb97feccc2	Figure 3E concordance label correction	Fig. 3 and Supplementary Fig. S2	literal private paths -> workspace-relative paths; added documentation header	NOT_RERUN; syntax checked; scientific numeric literals unchanged; existing-result checks are separate	SOURCE_RECOVERED			
analysis/05_functional_programs/scripts/functional_evidence_landscape.R	Figure4A_v5_six_validated_programs_integrated_landscape/scripts/01_build_Figure4A_v5_six_validated_programs.R	493e2b2a5c8b1f42499e82fdd6422d5827937e398a54cf67bcef349fcc49f5a9	9467bceb1b7668da544408400cddb741d016994bfe1dbbba757a363e832a51c5	Figure 4 integrated patient functional evidence	Fig. 4 and Supplementary Fig. S1	literal private paths -> workspace-relative paths; added documentation header; publication-facing comments/report wording only; scientific expressions unchanged	NOT_RERUN; syntax checked; scientific numeric literals unchanged; existing-result checks are separate; prose-only token/AST and syntax checks	RESULT_LINKED			
analysis/04_program146/scripts/program_differential_expression_landscape.R	Figure-cursor/newfigureB/Figure4B_strict_v2_DE_landscape.R	87df95794976cbea3b2e8f6fc5d2a9bd97c9548e96b9bacf1ee06755bc9a57a2	76ac5d75520aac18de7317b7f4171eb7495f8b2f7acc073ed7beb0d062a12208	Figure 4 differential-expression landscape	Fig. 4	literal private paths -> workspace-relative paths; added documentation header	NOT_RERUN; syntax checked; scientific numeric literals unchanged; existing-result checks are separate	RESULT_LINKED			
analysis/05_functional_programs/scripts/leading_edge_architecture.R	Figure-cursor/figure4c/Figure4C_leading_edge_gene_pathway_architecture_refined.R	38ede0465fd245908efc583ae79248521a100c06c3647732489ec9c9c505c9f5	0091ed5789130cb96288a5e7a59884f20ab35f4d70ea7e995704d78025337601	Figure 4 leading-edge architecture	Fig. 4 and Supplementary Fig. S1	literal private paths -> workspace-relative paths; added documentation header	NOT_RERUN; syntax checked; scientific numeric literals unchanged; existing-result checks are separate	RESULT_LINKED			
analysis/04_program146/scripts/patient_gene_effect_consistency.R	Figure4D_patient_effect_consistency/scripts/02_render_Figure4D_from_verified_tables.R	d410c1b023f9d074d6dfa6ac5e27f435b8d26ed6999863393cbdcad2ab37b388	50862a581a88f83b8ef6bf48d584ec3fb1aaa87146ca4ea574f242d0ce4d9b7a	Figure 4 patient gene-effect consistency	Fig. 4	literal private paths -> workspace-relative paths; added documentation header; publication-facing comments/report wording only; scientific expressions unchanged	NOT_RERUN; syntax checked; scientific numeric literals unchanged; existing-result checks are separate; prose-only token/AST and syntax checks	RESULT_LINKED			
analysis/06_independent_tnbc_validation/scripts/orthogonal_program_transfer.R	Figure4F_GSE180286_program_transfer/scripts/02_plot_Figure4F.R	653508c401664ec71984d279f649124196db0c5b91fa27c1c447844df8fa679e	41c9e81256444ee49e435177aa83eaaa6c98067c13f3506a4d3dfc4192d3325c	Figure 4 orthogonal program transfer	Fig. 5; orthogonal transfer in Fig. 4	literal private paths -> workspace-relative paths; added documentation header	NOT_RERUN; syntax checked; scientific numeric literals unchanged; existing-result checks are separate	RESULT_LINKED			
analysis/06_independent_tnbc_validation/scripts/figure5_data_closure.R	Figure5_final_closure/scripts/01_final_data_closure.R	b2202b4a949dac8bf2ccd460597ae9126bc7fdfe208b7fb75e76b0a34619c903	ff6973bc76fbec56a8972e13f72f480db9080bf80214b7fab59709314cc30fdd	Figure 5 final data closure	Fig. 5; orthogonal transfer in Fig. 4	literal private paths -> workspace-relative paths; added documentation header	NOT_RERUN; syntax checked; scientific numeric literals unchanged; existing-result checks are separate	SOURCE_RECOVERED			
analysis/06_independent_tnbc_validation/scripts/render_figure5.R	Figure5_final_closure/scripts/02_render_figure5.R	915e7c7b70fb33ea5572dad305f78258350db97d66268f0d106ae5787b3693ff	70f5a9bcfa036a4227a1086f20157187af30cf91373260b0c4b6ec044d207030	Figure 5 final render	Fig. 5; orthogonal transfer in Fig. 4	literal private paths -> workspace-relative paths; added documentation header	NOT_RERUN; syntax checked; scientific numeric literals unchanged; existing-result checks are separate	SOURCE_RECOVERED			
analysis/07_spatial_validation/scripts/render_spatial_robustness_panels.py	Figure6BC_visual_reset/Figure6BC_visual_reset_render.py	2210f431089b00ec178bafa8417c2374974351bf48ac4d039edfd8714cff4cc7	b1bfe5e0ba0beae4db74d695cce31a25f0fc6c6668a83d4896b30c9f380bed93	Figure 6B/C visual render	Fig. 6 and Supplementary Fig. S4	literal private paths -> workspace-relative paths; added documentation header; publication-facing comments/report wording only; scientific expressions unchanged	NOT_RERUN; syntax checked; scientific numeric literals unchanged; existing-result checks are separate; prose-only token/AST and syntax checks	RESULT_LINKED			
analysis/07_spatial_validation/scripts/render_spatial_enrichment_panel.R	Figure6D_publication_density_revision/render_Figure6D_publication_density.R	151fb0756e14feed92ccbf1f7093a7371e8fbb8c44714903d5bf2bdadec0def2	23015df60221c4a467e9dd00709a1aed3a2e957d8fd0d44ab47d83c1e08d9345	Figure 6D spatial enrichment render	Fig. 6 and Supplementary Fig. S4	; added documentation header	NOT_RERUN; syntax checked; scientific numeric literals unchanged; existing-result checks are separate	RESULT_LINKED			
analysis/07_spatial_validation/scripts/render_neighborhood_coorganization_panel.R	Figure6E_text_hierarchy_revision/render_Figure6E_text_hierarchy.R	97d0783c99e9ef246f5dd350adbbe9fe049ccd2cd16fc873d36fa31bd5ace714	69489caac30c9dd7412313dae2996cd427e75f1cc7d0f36a12ccb0feef4ea115	Figure 6E neighborhood co-organization render	Fig. 6 and Supplementary Fig. S4	; added documentation header	NOT_RERUN; syntax checked; scientific numeric literals unchanged; existing-result checks are separate	RESULT_LINKED			
analysis/07_spatial_validation/scripts/render_patient_recurrent_functional_coupling.R	Figure6F_F1_panel/render_Figure6F_F1.R	24408f3996e9d73e2570ad3bb57c852a05112b3e732114c37771bc2075cd3a78	255c8afc492777051d9b5e90009d416e45136a1f38454de68698d3ba70abec9a	Figure 6F patient-recurrent functional coupling render	Fig. 6 and Supplementary Fig. S4	; added documentation header	NOT_RERUN; syntax checked; scientific numeric literals unchanged; existing-result checks are separate	RESULT_LINKED			
analysis/07_spatial_validation/scripts/render_independent_spatial_replication.R	Figure6G_integrated_patient_tracks/render_Figure6G_integrated_patient_tracks.R	750f619e1bf1c184a6dfa3954615ab9dcb4432a903bfe50b7b3f10e900645312	706515fef42f520f92d427a887d4d71b673e37326c61b4cc863ff2a5b6273429	Figure 6G independent spatial replication render	Fig. 6 and Supplementary Fig. S4	literal private paths -> workspace-relative paths; added documentation header	NOT_RERUN; syntax checked; scientific numeric literals unchanged; existing-result checks are separate	RESULT_LINKED			
analysis/07_spatial_validation/scripts/render_spatial_score_maps.R	Figure6A_left_spatial_maps_reset/Figure6A_left_spatial_maps_plot.R	f92a4f29ac52c377c39a741af82b4acb8a6d05db9f81b0a593a4ea0911bdd382	08dbec5536e1d671834014befe7b0f97c682ea7794234a91e36a55317e14f994	Figure 6A left spatial map display reset	Fig. 6 and Supplementary Fig. S4	; added documentation header	NOT_RERUN; syntax checked; scientific numeric literals unchanged; existing-result checks are separate	RESULT_LINKED			
analysis/supplementary/scripts/render_s2a_patient_robustness.R	Supplementary_Submission_Staging/01_FINAL_PANEL_SOURCES/Supplementary_Figure_S2/panels/S2A/S2A_patient_resolved_FINAL_plot.R	2bf56911b471ffa658adc9e2ccfa0818235ea4cc988b2daabe16ace070b3b082	dc8dd7a487bbbd47dfb68e7926b4cf39bab8300ce96078f90a553dae3a6ef2cb	Render S2A patient-resolved robustness	Supplementary Fig. S1–S4	literal private paths -> workspace-relative paths; added documentation header; publication-facing comments/report wording only; scientific expressions unchanged	NOT_RERUN; syntax checked; scientific numeric literals unchanged; existing-result checks are separate; prose-only token/AST and syntax checks	SOURCE_RECOVERED			
analysis/supplementary/scripts/render_s2b_matched_null.R	Supplementary_Submission_Staging/01_FINAL_PANEL_SOURCES/Supplementary_Figure_S2/panels/S2B/S2B_matched_null_COMPRESSED_FINAL_plot.R	1bb96c04d2a77f6987fbc918248b2de2ba9744385ed476bd7e60731c06973b00	f383fb3b18bb205cfd05131f6ed325d6b467dc151f75ddb5f38161c90576e644	Render S2B matched-null calibration	Supplementary Fig. S1–S4	; added documentation header; publication-facing comments/report wording only; scientific expressions unchanged	NOT_RERUN; syntax checked; scientific numeric literals unchanged; existing-result checks are separate; prose-only token/AST and syntax checks	SOURCE_RECOVERED			
analysis/supplementary/scripts/render_s2c_state_definition.R	Supplementary_Submission_Staging/01_FINAL_PANEL_SOURCES/Supplementary_Figure_S2/panels/S2C/S2C_state_definition_FINAL_plot.R	c598d13e8924686640251b34d289a30bc6b96169021105f54d13df3d2ea56399	e041f5b049f4de4aeb81032a157dce70f9d12e288e4f351fa44b9722b775c2a3	Render S2C state-definition robustness	Supplementary Fig. S1–S4	; added documentation header; publication-facing comments/report wording only; scientific expressions unchanged	NOT_RERUN; syntax checked; scientific numeric literals unchanged; existing-result checks are separate; prose-only token/AST and syntax checks	SOURCE_RECOVERED			
analysis/supplementary/scripts/render_s2d_program_stability.R	Supplementary_Submission_Staging/01_FINAL_PANEL_SOURCES/Supplementary_Figure_S2/panels/S2D/S2D_program_stability_FINAL_plot.R	f1387b3558df8d16305b50e8ce39ea0e7146e3be1ef00586ef42630afb082bb0	7c6707aa8cc42d60c49962d715ccd1a5b5b0c123be20868c8cac075616da0b3b	Render S2D Program146 stability	Supplementary Fig. S1–S4	literal private paths -> workspace-relative paths; added documentation header	NOT_RERUN; syntax checked; scientific numeric literals unchanged; existing-result checks are separate	SOURCE_RECOVERED			
analysis/supplementary/scripts/render_s3a_adjustment_displacement.R	Supplementary_S3A_integrated_TRUE_SIZE/Supplementary_Figure_S3A_integrated_plot.R	13ab6794cfd6f372359497c86fdd2f11453d0330a80ca1cb62d0ddd0b2fecbec	35eb03434c15cd3cf78bd21c31e59195a97a373aa93dbcf33a18f52e78862b9c	Render S3A adjustment displacement	Supplementary Fig. S1–S4	literal private paths -> workspace-relative paths; added documentation header; publication-facing comments/report wording only; scientific expressions unchanged	NOT_RERUN; syntax checked; scientific numeric literals unchanged; existing-result checks are separate; prose-only token/AST and syntax checks	RESULT_LINKED			
analysis/supplementary/scripts/render_s3b_patient_distribution.R	Supplementary_S3B_multitrack_TRUE_SIZE/Supplementary_Figure_S3B_multitrack_plot.R	54775dd2e8f00a4f233344d31fd551a704bc2294cc89a87f487283da13d83194	baf5c3705e7548e522af1bccc7e0b7dbdd7a691322d3f4eda1a3d7c9c1fac0e4	Render S3B patient-level distribution	Supplementary Fig. S1–S4	literal private paths -> workspace-relative paths; added documentation header; publication-facing comments/report wording only; scientific expressions unchanged	NOT_RERUN; syntax checked; scientific numeric literals unchanged; existing-result checks are separate; prose-only token/AST and syntax checks	RESULT_LINKED			
analysis/supplementary/scripts/render_s3c_state_sensitivity.R	Supplementary_S3C_compact_dual_sensitivity_TRUE_SIZE/Supplementary_Figure_S3C_compact_dual_sensitivity_plot.R	98447f9c5cfc56d656d2c153ab2d6949d8c9d445100288ebe43ec42ced2182fd	56c89ad423941d4af5376644dd7a61c942ebdf64615883033d37c10d11b42a3c	Render S3C state sensitivity	Supplementary Fig. S1–S4	literal private paths -> workspace-relative paths; added documentation header; publication-facing comments/report wording only; scientific expressions unchanged	NOT_RERUN; syntax checked; scientific numeric literals unchanged; existing-result checks are separate; prose-only token/AST and syntax checks	RESULT_LINKED			
analysis/supplementary/scripts/render_s3d_leave_one_state_out.R	Supplementary_S3D_split_distribution_TRUE_SIZE/Supplementary_Figure_S3D_split_distribution_plot.R	b559fde9a67689ec19589acf8dc96eae926e193f8cf8883493c940cc58c78fca	729016a7a5f9380f294c71e9820ac0f0910c90a5fc3ba9a5ff1bea1177e99eb1	Render S3D leave-one-cancer-state-out robustness	Supplementary Fig. S1–S4	literal private paths -> workspace-relative paths; added documentation header; publication-facing comments/report wording only; scientific expressions unchanged	NOT_RERUN; syntax checked; scientific numeric literals unchanged; existing-result checks are separate; prose-only token/AST and syntax checks	RESULT_LINKED			
analysis/01_data_preparation/scripts/prepare_cna_inputs.R	0728_sensitivity_and_cnv_closure/workstation_linux/02_prepare_per_patient_inputs_linux.R	f60bd86f1d43efc391316f0749d344c5dedc588bba16a6a1163826cc5dae3b4c	e8db8e31d0fbd31c6e241fcc0f743704f86c965aac5fe28c7b3a545221338cab	CNA matrix and identity preparation	Fig. 1–2	literal private paths -> workspace-relative paths; added documentation header	NOT_RERUN; syntax checked; scientific numeric literals unchanged; existing-result checks are separate	SOURCE_RECOVERED			
analysis/02_malignant_cell_and_cnv/scripts/copykat/run_copykat_patient.R	0703_rebuild/copykat_workstation/05c_copykat_one_patient_subsampled_robust.R	c73fcf6cf27f8ab662a1ea6ab3a7b05a3a0bc06febf35b8eb61c1e8aae81e07c	7ad0f1d041749fb9815b43edb0abddd47f78293908dba428b8e9e7d722551078	Reference-subsampled CopyKAT inference	Fig. 2 and Supplementary Fig. S1	literal private paths -> workspace-relative paths; added documentation header	NOT_RERUN; syntax checked; scientific numeric literals unchanged; existing-result checks are separate	EXECUTION_LINK_UNRESOLVED			
analysis/02_malignant_cell_and_cnv/scripts/scevan/run_scevan_patient.R	0728_sensitivity_and_cnv_closure/scripts/07_run_scevan_patient.R	57b9e07e6d2560e1b06164cba632e1223307e7081e85b4df29695b0445e05048	5e8f8dd976aac78f942391946d5b73496bab5b1c527b501feefbd84a4182b8c8	Anchored patient-wise SCEVAN inference	Fig. 2 and Supplementary Fig. S1	literal private paths -> workspace-relative paths; added documentation header	NOT_RERUN; syntax checked; scientific numeric literals unchanged; existing-result checks are separate	EXECUTION_LINK_UNRESOLVED			
analysis/02_malignant_cell_and_cnv/scripts/infercnv/run_infercnv_patient.R	0728_sensitivity_and_cnv_closure/scripts/08_run_infercnv_patient.R	02c410c1b10d4921c8d71dcbf2ee52ed0c4b8f94d341fedd359444df7d9975d5	33036507bd7b786cb441530f56fa810c5630d6e467e8c4f27060ff3a4f145e12	Continuous inferCNV burden and native HMM status	Fig. 2 and Supplementary Fig. S1	literal private paths -> workspace-relative paths; added documentation header	NOT_RERUN; syntax checked; scientific numeric literals unchanged; existing-result checks are separate	EXECUTION_LINK_UNRESOLVED			
analysis/02_malignant_cell_and_cnv/scripts/integrate_caller_results.py	0910_Wu_multicaller_integration_audit/scripts/01_build_multicaller_master_and_sensitivity.py	b28445668717e3e782bc8e62797c45b088213b053dca9a819cb3d793bbb7c683	802dfe77fffa9c67cc4cfac0a57e13acffb4dcd8a666c63aa548249ddea8a65a	Exact cell-ID integration and patient-unit sensitivity	Fig. 2 and Supplementary Fig. S1	literal private paths -> workspace-relative paths; added documentation header	NOT_RERUN; syntax checked; scientific numeric literals unchanged; existing-result checks are separate	RESULT_LINKED			
analysis/02_malignant_cell_and_cnv/scripts/recover_program_scores.py	0911_FigureS1_preplot_gate/scripts/01_recover_frozen_scores_and_prepare_S1A.py	032078a4dd265e0cd397e6b38689f998942e0e824a5bdd8bda60eeb7e92edd33	030077a4bf0d3babb841385c63136d0a200bf2d52496e86e9539dea1975311ef	Existing Program146 score recovery and sensitivity	Fig. 2 and Supplementary Fig. S1	literal private paths -> workspace-relative paths; added documentation header	NOT_RERUN; syntax checked; scientific numeric literals unchanged; existing-result checks are separate	RESULT_LINKED			
analysis/02_malignant_cell_and_cnv/scripts/module_caller_sensitivity.py	0911_FigureS1_preplot_gate/scripts/03_six_module_multicaller_sensitivity.py	d3d1652db9d5c64943e8fe3dd2e0601529a219d12cadfd2031783ddd1973aa5b	b18277bce81253c438c8ea63fac7209ef1c4541c571ebc284f04a7b02f03be7d	Six fixed modules within caller-supported subsets	Fig. 2 and Supplementary Fig. S1	literal private paths -> workspace-relative paths; added documentation header	NOT_RERUN; syntax checked; scientific numeric literals unchanged; existing-result checks are separate	RESULT_LINKED			
analysis/02_malignant_cell_and_cnv/scripts/recover_mcl1_expression.R	0911_FigureS1_preplot_gate/scripts/03a_recover_existing_MCL1_layer.R	3053110f220596e344b1aafb51d520f4c72ebc2a4ac91910359a06daf068caaa	c097582a0d137fcc70ea58d8638eb1eca7b20a20b6e264567de1b1386af4fa44	Read existing normalized expression by exact cell ID	Fig. 2 and Supplementary Fig. S1	literal private paths -> workspace-relative paths; added documentation header	NOT_RERUN; syntax checked; scientific numeric literals unchanged; existing-result checks are separate	RESULT_LINKED			
analysis/04_program146/scripts/verify_patient_pseudobulk_effects.R	Figure4D_patient_effect_consistency/scripts/01_build_Figure4D.R	76b977599ecfc48b494cc9da5a944b9384a2d02d1f39d85417c39c9487fc47dd	34b34ce0c60e3081474bc207b2013e0e41b5ca9b93ab500f297c747f51c067c1	Patient-blocked High-versus-Other effect verification	Fig. 4	literal private paths -> workspace-relative paths; added documentation header; publication-facing comments/report wording only; scientific expressions unchanged	NOT_RERUN; syntax checked; scientific numeric literals unchanged; existing-result checks are separate; prose-only token/AST and syntax checks	SOURCE_LINKED_RUNTIME_CONTRACT_UNRESOLVED			UPSTREAM_SOURCE_RECOVERED; legacy tmp-path wiring and full input contract not validated
analysis/05_functional_programs/scripts/external_hallmark_analysis.R	Figure4_EFG_reproducible_GSEA_and_patient_replication_DATA_GATE_ONLY/scripts/01_reproducible_efg_gate.R	89cea15093d1ff08d0462e502fdf5bbfb55265dc53034b9fc2b364189b778735	d4fa9e04943bf41ed2e823455de173754c3bb02c243ad48bb75defaa641c1c37	Predefined Hallmark enrichment and patient-level recurrence	Fig. 4 and Supplementary Fig. S1	literal private paths -> workspace-relative paths; added documentation header; publication-facing comments/report wording only; scientific expressions unchanged	NOT_RERUN; syntax checked; scientific numeric literals unchanged; existing-result checks are separate; prose-only token/AST and syntax checks	SOURCE_LINKED_RUNTIME_CONTRACT_UNRESOLVED			UPSTREAM_SOURCE_RECOVERED; legacy tmp-path wiring and full input contract not validated
analysis/03_yap_stem_continuum/scripts/wu_robustness_models.R	0717_methodological_framework_benchmark/scripts/02_wu_framework_effects.R	e5eb8662ad381b1c55b5a42534deddd17bcc56839bfec0e5e2cff9280ebf7a91	ab46591d7122c734a7d1965e33eb753b770448ab8540241da6d4f3dde6bac7d4	Patient-level scoring and covariate robustness	Fig. 3 and Supplementary Fig. S2	; added documentation header	NOT_RERUN; syntax checked; scientific numeric literals unchanged; existing-result checks are separate	RESULT_LINKED			
analysis/06_independent_tnbc_validation/scripts/artemis_robustness_models.py	0717_methodological_framework_benchmark/scripts/03_yan_framework_effects.py	e7c71b688ecebb1fbd845870f6d0dd23178018e406ac8d1a82f36f93124ff9ee	9b1d8b8884de174ea030e85ef6338a74ef9db918701fe49d0b9132530a3a286c	Patient-level external scoring robustness	Fig. 5; orthogonal transfer in Fig. 4	literal private paths -> workspace-relative paths; added documentation header	NOT_RERUN; syntax checked; scientific numeric literals unchanged; existing-result checks are separate	RESULT_LINKED			
analysis/supplementary/scripts/state_omission_and_spatial_summaries.py	Supplementary_S3S4_gap_audit/audit_S3S4.py	30b4d1a019fa85b929bb1ff19b2f5e270d7f790fbc02d8d8455a14644e3ec3b9	381e271375f4b7de1bb607c97aec09fae4f931c2325a54fac024f6615b6d775e	Leave-one-cancer-state-out and paired-section summaries	Supplementary Fig. S1–S4	; added documentation header	NOT_RERUN; syntax checked; scientific numeric literals unchanged; existing-result checks are separate	RESULT_LINKED			
analysis/04_program146/original_archive/01_wu_pseudobulk_and_reconciliation_original_2026-07-27.R	0727_analysis_closure/scripts/01_wu_pseudobulk_and_reconciliation.R	eca08e90dd0726acae9f8fc2fd0ed03b6a3dd1fa2e939785bb3122832614f1e7	eca08e90dd0726acae9f8fc2fd0ed03b6a3dd1fa2e939785bb3122832614f1e7	Original Program146 derivation	Current Fig. 4A/B: derivation foundation; downstream panels retain separate render provenance	Exact byte copy; no content edits	Existing-output comparisons and static core checks only; biological run NOT PERFORMED	AUTHORITATIVE_ORIGINAL_DERIVATION	2026-07-27T13:55:03.200Z	NO	BYTE_IDENTICAL
analysis/04_program146/original_archive/Figure3_I_effect_consistency_regeneration_2026-08-08.R	tmp/Figure3_I_effect_consistency.R	a27d5557359ed4c8857bd576c7c7ce7dc2d7a6a1ab5d7b11452cdd0aac757a4f	a27d5557359ed4c8857bd576c7c7ce7dc2d7a6a1ab5d7b11452cdd0aac757a4f	Later formal DE regeneration/verification	Current Fig. 4A/B: derivation foundation; downstream panels retain separate render provenance	Exact byte copy; not the original derivation	Existing-output comparisons and static core checks only; biological run NOT PERFORMED	LATER_REGENERATION_VERIFICATION	2026-08-08T13:29:07.820Z	NO	BYTE_IDENTICAL
analysis/04_program146/scripts/01_derive_program146.R	0727_analysis_closure/scripts/01_wu_pseudobulk_and_reconciliation.R	eca08e90dd0726acae9f8fc2fd0ed03b6a3dd1fa2e939785bb3122832614f1e7	34b53ead9aa4c7649ea3e844f4a266cc1e25a48ce6da00765322056a5ecf9f8d	Portable original Program146 derivation	Current Fig. 4A/B: derivation foundation; downstream panels retain separate render provenance	CLI input/output paths; safe fresh output; explicit input checks; removal of optional plotting/enrichment/module/LOPO reports; retained original primary calculations and normal-shrinkage display branch	Existing-output comparisons and static core checks only; biological run NOT PERFORMED	SOURCE_LINKED_NOT_EXECUTED	2026-07-27T13:55:03.200Z	NO	CORE_STATIC_EQUIVALENCE; EXISTING_RESULTS_CHECKED; FULL_RERUN_NOT_PERFORMED
analysis/06_independent_tnbc_validation/scripts/artemis_functional_program_associations.R	Figure5_final_execution_protocol/scripts/02_stage2_h5ad_modules_program.R	2ecc995705c56d4bdf69eff64730b3bd24f18e87f8b23032463eae698c409aa0	4e3dc0a25bce51370c4a7593afa35166ed8de770d85e9c2ab2bd2e102089d932	ARTEMIS six-program and Program146 continuous associations	Fig. 5	Input root and output directory made configurable; scientific code unchanged	Source text equivalent except two path declarations; no numerical rerun	SOURCE_RECOVERED		NO	TEXT_EQUIVALENT_EXCEPT_PATHS
