Gene	GENCODE_v36_gene_id	Measurable	Mapping	Primary_scoring_inclusion	Alias_rescue	Replacement
TRIB1	ENSG00000173334.4	True	Exact symbol and GENCODE v36 gene ID	True	none	none
RND3	ENSG00000115963.13	True	Exact symbol and GENCODE v36 gene ID	True	none	none
CTD-3252C9.4	NA	False	Exact symbol absent	False	none	none
CXCL2	ENSG00000081041.9	True	Exact symbol and GENCODE v36 gene ID	True	none	none
ERRFI1	ENSG00000116285.13	True	Exact symbol and GENCODE v36 gene ID	True	none	none
PTPN14	ENSG00000152104.12	True	Exact symbol and GENCODE v36 gene ID	True	none	none
KLF6	ENSG00000067082.15	True	Exact symbol and GENCODE v36 gene ID	True	none	none
CXCL3	ENSG00000163734.4	True	Exact symbol and GENCODE v36 gene ID	True	none	none
EDN1	ENSG00000078401.7	True	Exact symbol and GENCODE v36 gene ID	True	none	none
CEBPD	ENSG00000221869.5	True	Exact symbol and GENCODE v36 gene ID	True	none	none
JUN	ENSG00000177606.8	True	Exact symbol and GENCODE v36 gene ID	True	none	none
DKK1	ENSG00000107984.10	True	Exact symbol and GENCODE v36 gene ID	True	none	none
ZC3H12A	ENSG00000163874.11	True	Exact symbol and GENCODE v36 gene ID	True	none	none
OSR2	ENSG00000164920.9	True	Exact symbol and GENCODE v36 gene ID	True	none	none
JAG1	ENSG00000101384.12	True	Exact symbol and GENCODE v36 gene ID	True	none	none
IRF1	ENSG00000125347.14	True	Exact symbol and GENCODE v36 gene ID	True	none	none
RARRES1	ENSG00000118849.10	True	Exact symbol and GENCODE v36 gene ID	True	none	none
FOSB	ENSG00000125740.14	True	Exact symbol and GENCODE v36 gene ID	True	none	none
BRD2	ENSG00000204256.14	True	Exact symbol and GENCODE v36 gene ID	True	none	none
ARL5B	ENSG00000165997.5	True	Exact symbol and GENCODE v36 gene ID	True	none	none
AC058791.1	ENSG00000273319.1	True	Exact symbol and GENCODE v36 gene ID	True	none	none
TNFAIP3	ENSG00000118503.15	True	Exact symbol and GENCODE v36 gene ID	True	none	none
SOCS3	ENSG00000184557.4	True	Exact symbol and GENCODE v36 gene ID	True	none	none
LAMC2	ENSG00000058085.15	True	Exact symbol and GENCODE v36 gene ID	True	none	none
LDLR	ENSG00000130164.14	True	Exact symbol and GENCODE v36 gene ID	True	none	none
ATF3	ENSG00000162772.17	True	Exact symbol and GENCODE v36 gene ID	True	none	none
GEM	ENSG00000164949.8	True	Exact symbol and GENCODE v36 gene ID	True	none	none
GOLIM4	ENSG00000173905.9	True	Exact symbol and GENCODE v36 gene ID	True	none	none
EGR1	ENSG00000120738.8	True	Exact symbol and GENCODE v36 gene ID	True	none	none
CCNL1	ENSG00000163660.12	True	Exact symbol and GENCODE v36 gene ID	True	none	none
MAFF	ENSG00000185022.12	True	Exact symbol and GENCODE v36 gene ID	True	none	none
BIRC3	ENSG00000023445.16	True	Exact symbol and GENCODE v36 gene ID	True	none	none
FOS	ENSG00000170345.10	True	Exact symbol and GENCODE v36 gene ID	True	none	none
IER5	ENSG00000162783.11	True	Exact symbol and GENCODE v36 gene ID	True	none	none
TNF	ENSG00000232810.4	True	Exact symbol and GENCODE v36 gene ID	True	none	none
ICAM1	ENSG00000090339.9	True	Exact symbol and GENCODE v36 gene ID	True	none	none
NCOA7	ENSG00000111912.20	True	Exact symbol and GENCODE v36 gene ID	True	none	none
TACSTD2	ENSG00000184292.7	True	Exact symbol and GENCODE v36 gene ID	True	none	none
NR4A1	ENSG00000123358.20	True	Exact symbol and GENCODE v36 gene ID	True	none	none
IER2	ENSG00000160888.7	True	Exact symbol and GENCODE v36 gene ID	True	none	none
NRP1	ENSG00000099250.18	True	Exact symbol and GENCODE v36 gene ID	True	none	none
CCDC71L	ENSG00000253276.4	True	Exact symbol and GENCODE v36 gene ID	True	none	none
PMAIP1	ENSG00000141682.12	True	Exact symbol and GENCODE v36 gene ID	True	none	none
JUNB	ENSG00000171223.6	True	Exact symbol and GENCODE v36 gene ID	True	none	none
THBS1	ENSG00000137801.11	True	Exact symbol and GENCODE v36 gene ID	True	none	none
NFKBIZ	ENSG00000144802.11	True	Exact symbol and GENCODE v36 gene ID	True	none	none
ZFP36L1	ENSG00000185650.10	True	Exact symbol and GENCODE v36 gene ID	True	none	none
TIPARP	ENSG00000163659.13	True	Exact symbol and GENCODE v36 gene ID	True	none	none
EPHA4	ENSG00000116106.12	True	Exact symbol and GENCODE v36 gene ID	True	none	none
SNHG12	ENSG00000197989.14	True	Exact symbol and GENCODE v36 gene ID	True	none	none
LINC00346	NA	False	Exact symbol absent	False	none	none
PLK2	ENSG00000145632.15	True	Exact symbol and GENCODE v36 gene ID	True	none	none
RP11-431K24.1	NA	False	Exact symbol absent	False	none	none
ARSJ	ENSG00000180801.14	True	Exact symbol and GENCODE v36 gene ID	True	none	none
PLAUR	ENSG00000011422.12	True	Exact symbol and GENCODE v36 gene ID	True	none	none
NEDD9	ENSG00000111859.17	True	Exact symbol and GENCODE v36 gene ID	True	none	none
CP	ENSG00000047457.14	True	Exact symbol and GENCODE v36 gene ID	True	none	none
ZFP36	ENSG00000128016.7	True	Exact symbol and GENCODE v36 gene ID	True	none	none
C2CD2	ENSG00000157617.17	True	Exact symbol and GENCODE v36 gene ID	True	none	none
MAML2	ENSG00000184384.14	True	Exact symbol and GENCODE v36 gene ID	True	none	none
PDE8B	ENSG00000113231.14	True	Exact symbol and GENCODE v36 gene ID	True	none	none
MACF1	ENSG00000127603.30	True	Exact symbol and GENCODE v36 gene ID	True	none	none
EMP1	ENSG00000134531.10	True	Exact symbol and GENCODE v36 gene ID	True	none	none
LAMB3	ENSG00000196878.15	True	Exact symbol and GENCODE v36 gene ID	True	none	none
RP11-138A9.1	NA	False	Exact symbol absent	False	none	none
MID1	ENSG00000101871.16	True	Exact symbol and GENCODE v36 gene ID	True	none	none
PPP1R15A	ENSG00000087074.8	True	Exact symbol and GENCODE v36 gene ID	True	none	none
ITGB6	ENSG00000115221.12	True	Exact symbol and GENCODE v36 gene ID	True	none	none
THUMPD3-AS1	ENSG00000206573.9	True	Exact symbol and GENCODE v36 gene ID	True	none	none
PDE4B	ENSG00000184588.18	True	Exact symbol and GENCODE v36 gene ID	True	none	none
ELL2	ENSG00000118985.16	True	Exact symbol and GENCODE v36 gene ID	True	none	none
REL	ENSG00000162924.15	True	Exact symbol and GENCODE v36 gene ID	True	none	none
SLC38A2	ENSG00000134294.14	True	Exact symbol and GENCODE v36 gene ID	True	none	none
CNST	ENSG00000162852.14	True	Exact symbol and GENCODE v36 gene ID	True	none	none
CD58	ENSG00000116815.16	True	Exact symbol and GENCODE v36 gene ID	True	none	none
EGR3	ENSG00000179388.9	True	Exact symbol and GENCODE v36 gene ID	True	none	none
AC017002.2	ENSG00000280878.1	True	Exact symbol and GENCODE v36 gene ID	True	none	none
ETS2	ENSG00000157557.13	True	Exact symbol and GENCODE v36 gene ID	True	none	none
MET	ENSG00000105976.16	True	Exact symbol and GENCODE v36 gene ID	True	none	none
ZBTB10	ENSG00000205189.12	True	Exact symbol and GENCODE v36 gene ID	True	none	none
NR4A3	ENSG00000119508.18	True	Exact symbol and GENCODE v36 gene ID	True	none	none
MIDN	ENSG00000167470.12	True	Exact symbol and GENCODE v36 gene ID	True	none	none
DUSP1	ENSG00000120129.6	True	Exact symbol and GENCODE v36 gene ID	True	none	none
NR4A2	ENSG00000153234.15	True	Exact symbol and GENCODE v36 gene ID	True	none	none
FAM53C	ENSG00000120709.11	True	Exact symbol and GENCODE v36 gene ID	True	none	none
LRRN1	ENSG00000175928.6	True	Exact symbol and GENCODE v36 gene ID	True	none	none
MCL1	ENSG00000143384.14	True	Exact symbol and GENCODE v36 gene ID	True	none	none
TNFRSF10B	ENSG00000120889.13	True	Exact symbol and GENCODE v36 gene ID	True	none	none
NEAT1	ENSG00000245532.9	True	Exact symbol and GENCODE v36 gene ID	True	none	none
COL27A1	ENSG00000196739.15	True	Exact symbol and GENCODE v36 gene ID	True	none	none
GPRC5A	ENSG00000013588.9	True	Exact symbol and GENCODE v36 gene ID	True	none	none
DUSP5	ENSG00000138166.6	True	Exact symbol and GENCODE v36 gene ID	True	none	none
NCEH1	ENSG00000144959.11	True	Exact symbol and GENCODE v36 gene ID	True	none	none
VCL	ENSG00000035403.18	True	Exact symbol and GENCODE v36 gene ID	True	none	none
SLC7A1	ENSG00000139514.13	True	Exact symbol and GENCODE v36 gene ID	True	none	none
GADD45A	ENSG00000116717.13	True	Exact symbol and GENCODE v36 gene ID	True	none	none
PRSS23	ENSG00000150687.12	True	Exact symbol and GENCODE v36 gene ID	True	none	none
SLC25A25	ENSG00000148339.12	True	Exact symbol and GENCODE v36 gene ID	True	none	none
KITLG	ENSG00000049130.16	True	Exact symbol and GENCODE v36 gene ID	True	none	none
EREG	ENSG00000124882.4	True	Exact symbol and GENCODE v36 gene ID	True	none	none
IL6	ENSG00000136244.12	True	Exact symbol and GENCODE v36 gene ID	True	none	none
EFNB2	ENSG00000125266.8	True	Exact symbol and GENCODE v36 gene ID	True	none	none
PSME4	ENSG00000068878.15	True	Exact symbol and GENCODE v36 gene ID	True	none	none
STOM	ENSG00000148175.13	True	Exact symbol and GENCODE v36 gene ID	True	none	none
ANKRD37	ENSG00000186352.9	True	Exact symbol and GENCODE v36 gene ID	True	none	none
SERTAD2	ENSG00000179833.4	True	Exact symbol and GENCODE v36 gene ID	True	none	none
NFE2L3	ENSG00000050344.9	True	Exact symbol and GENCODE v36 gene ID	True	none	none
SLC16A1-AS1	ENSG00000226419.8	True	Exact symbol and GENCODE v36 gene ID	True	none	none
TAP2	ENSG00000204267.16	True	Exact symbol and GENCODE v36 gene ID	True	none	none
VEGFA	ENSG00000112715.25	True	Exact symbol and GENCODE v36 gene ID	True	none	none
SERTAD1	ENSG00000197019.5	True	Exact symbol and GENCODE v36 gene ID	True	none	none
ID1	ENSG00000125968.9	True	Exact symbol and GENCODE v36 gene ID	True	none	none
JUND	ENSG00000130522.6	True	Exact symbol and GENCODE v36 gene ID	True	none	none
RGCC	ENSG00000102760.13	True	Exact symbol and GENCODE v36 gene ID	True	none	none
ENC1	ENSG00000171617.14	True	Exact symbol and GENCODE v36 gene ID	True	none	none
PLK3	ENSG00000173846.13	True	Exact symbol and GENCODE v36 gene ID	True	none	none
AARD	ENSG00000205002.4	True	Exact symbol and GENCODE v36 gene ID	True	none	none
WEE1	ENSG00000166483.11	True	Exact symbol and GENCODE v36 gene ID	True	none	none
MYLIP	ENSG00000007944.15	True	Exact symbol and GENCODE v36 gene ID	True	none	none
EGR2	ENSG00000122877.16	True	Exact symbol and GENCODE v36 gene ID	True	none	none
HNRNPU-AS1	NA	False	Exact symbol absent	False	none	none
WNT7B	ENSG00000188064.10	True	Exact symbol and GENCODE v36 gene ID	True	none	none
LRP1	ENSG00000123384.14	True	Exact symbol and GENCODE v36 gene ID	True	none	none
PRRG4	ENSG00000135378.4	True	Exact symbol and GENCODE v36 gene ID	True	none	none
PXDN	ENSG00000130508.11	True	Exact symbol and GENCODE v36 gene ID	True	none	none
FEM1C	ENSG00000145780.8	True	Exact symbol and GENCODE v36 gene ID	True	none	none
ID3	ENSG00000117318.9	True	Exact symbol and GENCODE v36 gene ID	True	none	none
TSC22D2	ENSG00000196428.12	True	Exact symbol and GENCODE v36 gene ID	True	none	none
TRPV4	ENSG00000111199.12	True	Exact symbol and GENCODE v36 gene ID	True	none	none
EPHA2	ENSG00000142627.13	True	Exact symbol and GENCODE v36 gene ID	True	none	none
FJX1	ENSG00000179431.7	True	Exact symbol and GENCODE v36 gene ID	True	none	none
FLNB	ENSG00000136068.15	True	Exact symbol and GENCODE v36 gene ID	True	none	none
HEXIM1	ENSG00000186834.4	True	Exact symbol and GENCODE v36 gene ID	True	none	none
DDR2	ENSG00000162733.19	True	Exact symbol and GENCODE v36 gene ID	True	none	none
PPFIA1	ENSG00000131626.19	True	Exact symbol and GENCODE v36 gene ID	True	none	none
NAV2	ENSG00000166833.22	True	Exact symbol and GENCODE v36 gene ID	True	none	none
PDGFA	ENSG00000197461.13	True	Exact symbol and GENCODE v36 gene ID	True	none	none
PGM2L1	ENSG00000165434.8	True	Exact symbol and GENCODE v36 gene ID	True	none	none
C3	ENSG00000125730.17	True	Exact symbol and GENCODE v36 gene ID	True	none	none
GPR37	ENSG00000170775.3	True	Exact symbol and GENCODE v36 gene ID	True	none	none
ST3GAL1	ENSG00000008513.16	True	Exact symbol and GENCODE v36 gene ID	True	none	none
CRIM1	ENSG00000150938.10	True	Exact symbol and GENCODE v36 gene ID	True	none	none
PPP1R15B	ENSG00000158615.9	True	Exact symbol and GENCODE v36 gene ID	True	none	none
FN1	ENSG00000115414.21	True	Exact symbol and GENCODE v36 gene ID	True	none	none
C6orf141	ENSG00000197261.11	True	Exact symbol and GENCODE v36 gene ID	True	none	none
ZNF281	ENSG00000162702.8	True	Exact symbol and GENCODE v36 gene ID	True	none	none
